ID_Emp,first_name,last_name,Gender,SSN,DOB,Job_Title,ID_Dept,Age
60-0072641,Fara,De Carolis,Female,536-10-0369,1996-05-12,Account Coordinator,102,27
44-4165602,Amos,Cosgrave,Male,809-50-1833,1984-09-24,Environmental Specialist,105,39
84-9358758,Mort,Nabbs,Non-binary,114-53-1199,1995-03-29,Chemical Engineer,104,28
18-6355086,Ruben,Casacchia,Male,880-27-6725,1975-08-04,Budget/Accounting Analyst I,101,48
84-1648594,Diahann,Orteaux,Female,129-69-5126,1980-02-10,Food Chemist,104,43
59-0617453,Maddy,Ambrois,Polygender,416-35-6335,1977-07-07,Analyst Programmer,103,46
12-6766175,Oswell,Reinert,Male,344-95-2130,1971-09-30,Assistant Professor,101,52
77-2438406,Aksel,Newham,Male,627-04-6626,1976-04-27,Web Developer I,107,47
57-0750334,Bobinette,Gremain,Female,713-43-2753,1994-08-09,Pharmacist,105,29
71-0694976,Giraldo,Halle,Male,587-22-1512,1988-06-27,VP Sales,106,35
96-4606061,Maxi,Hughesdon,Female,775-44-7564,1994-07-07,Statistician IV,101,29
08-9785025,Carmelia,Legan,Female,899-38-7535,1994-12-19,Web Developer I,105,28
57-9286794,Ailsun,Perell,,830-93-4797,1971-03-22,Senior Quality Engineer,105,
73-3959052,Kori,Coneybeer,Bigender,757-07-3161,1974-05-04,Teacher,106,49
29-4197248,Matteo,Cutchie,Male,320-74-8317,1996-10-03,Web Developer III,102,27
74-2182640,Reinald,Kloser,Male,551-01-0207,1971-07-01,Programmer I,102,52
46-7778802,Manfred,Hawgood,Male,540-44-3314,1988-02-06,Automation Specialist II,105,35
79-5397271,Gardner,Jelks,Male,364-94-0933,1979-11-17,Assistant Manager,107,44
29-8278968,Anatole,Letham,Male,417-95-2080,1991-06-19,Human Resources Manager,106,32
61-0839384,Zaccaria,Dalloway,Male,364-87-5359,1998-01-24,VP Sales,102,25
78-6088349,Rubia,Scallan,Female,125-50-3845,1997-04-11,GIS Technical Architect,105,26
30-1350446,Datha,Ritson,Female,638-56-0213,1997-12-13,Research Assistant II,105,25
54-4248611,Mikol,McDonald,Male,813-15-9494,2001-06-25,Nurse,106,22
45-2784484,Claudio,Adelman,Male,886-95-8236,1995-11-08,GIS Technical Architect,103,28
77-9466328,Zebedee,Caldayrou,Male,758-75-6472,1980-03-05,Assistant Manager,107,43
97-3370904,Glad,Veschambes,Female,105-19-4115,1974-08-08,Developer III,103,49
53-7192989,Jorry,O'Fairy,Female,899-15-0567,1970-09-28,Structural Analysis Engineer,103,53
06-5285518,Kinsley,Yarker,Male,257-80-3583,1990-10-19,Biostatistician III,103,33
43-0732864,Efren,Londors,Male,194-32-6319,1971-02-09,Media Manager III,107,
09-2099123,Kylila,Burdon,Female,754-06-5587,1985-03-25,Teacher,104,38
21-9329615,Farly,Jugging,Male,489-68-9826,1976-05-27,Developer I,106,47
65-9140698,Haley,Sandcroft,Female,396-62-8680,1976-04-24,Analog Circuit Design manager,104,47
26-3623073,Filberte,Coulthard,Male,130-40-6607,1974-11-04,Operator,104,49
98-3711077,Rebekkah,Rodgerson,Female,314-96-5652,1997-07-03,Nurse Practicioner,106,26
36-2680229,Jackqueline,Zute,Female,630-16-8934,1986-01-19,Graphic Designer,107,37
91-6919554,Steffie,Eymer,Female,371-50-4472,1981-10-14,Account Executive,107,42
15-2743010,Byrann,Arangy,Male,299-30-4543,1978-03-01,Information Systems Manager,104,45
41-8288667,Tirrell,Bloor,Male,447-84-7493,1972-08-09,Design Engineer,104,51
60-0624784,Marty,Aiton,Female,718-92-8488,1977-03-21,Account Coordinator,105,
85-5248387,Diarmid,McLuckie,Male,862-79-7921,1988-06-22,Professor,105,35
04-4182764,Thomasina,Willatt,Female,259-85-4652,1983-04-17,Occupational Therapist,106,40
49-4157383,Arney,Gontier,Male,147-74-3247,1987-03-13,Dental Hygienist,103,36
33-6712491,Bartram,Gatchel,Male,897-81-6952,1990-02-15,Senior Financial Analyst,103,33
19-6336953,Arlyn,Mustin,Female,429-16-1222,1987-03-22,Nuclear Power Engineer,107,36
10-9746142,Vivian,Weedenburg,Female,400-66-4970,1988-09-24,Sales Representative,104,35
23-9033050,,Laven,Female,405-36-4076,1980-10-31,Senior Developer,106,43
62-7447665,Ertha,Lamplough,Polygender,735-90-4664,1978-05-10,Civil Engineer,106,45
83-0057557,Lars,Fairfull,Male,482-68-8925,1996-03-08,Sales Representative,103,27
60-1670702,Shanta,Le Pruvost,Female,470-70-4781,1985-11-09,Tax Accountant,102,38
73-4685275,Shepherd,Dorrins,Male,644-03-6558,1981-09-24,,101,42
88-9565952,Romonda,Filson,Female,409-73-3017,1982-06-22,Geologist I,102,41
10-5387783,Veronique,Spaule,Female,760-25-5328,1979-01-19,Civil Engineer,105,44
43-1373735,Caz,Pairpoint,Male,788-47-9272,1980-10-26,Staff Accountant IV,104,43
47-2919828,Guinna,Jandak,Female,218-55-6404,1985-05-15,Structural Engineer,104,38
95-4689588,Creight,Poundesford,Male,390-50-9123,1971-08-12,Marketing Manager,104,52
11-4682792,Astra,Mannin,Female,490-34-5761,1979-07-07,Biostatistician IV,102,
69-6603143,Roger,Lanney,Male,786-21-3565,1997-01-22,Analog Circuit Design manager,101,26
03-0544646,Aeriell,Thain,Female,373-95-9413,1982-06-06,Structural Engineer,104,41
05-2327409,Marice,Donnan,Bigender,772-27-5610,1992-12-23,Recruiting Manager,106,30
52-3391334,Beverley,Paddemore,Female,331-12-2559,1981-05-29,Programmer Analyst I,101,42
47-3961650,Tabitha,Rhead,Female,261-59-4721,1998-06-12,Quality Engineer,101,25
65-4721034,Kim,Haydon,Female,827-14-1547,1979-04-18,Professor,107,44
89-3472828,Jolene,Fawltey,Female,396-92-0167,1978-10-23,Senior Cost Accountant,102,45
83-3912793,Inna,Triswell,Female,644-18-9334,1984-07-31,Assistant Manager,101,39
70-9999655,Bathsheba,Franklyn,Female,229-14-7021,1983-02-17,Media Manager I,102,40
80-4478106,Dede,Lye,Female,331-05-6702,1989-05-23,Actuary,107,34
21-9287684,Roxanna,Howell,Female,616-72-0397,1990-01-20,Paralegal,104,33
25-4588942,Merry,Mealham,Male,623-67-6521,1977-11-01,Accounting Assistant IV,104,46
55-4157008,Gayle,Pierucci,Male,207-73-3484,1997-07-05,Actuary,104,26
28-1702420,Jarid,Murison,Male,712-44-3196,1979-09-02,Environmental Tech,101,44
64-5519077,Ozzie,Godsal,Male,148-17-9285,1974-09-09,Financial Analyst,107,49
46-2944888,Randolph,Culp,Male,862-44-8061,1999-03-10,Programmer I,101,24
64-8437514,Antonio,Fouracre,Genderqueer,486-23-9283,1994-01-15,Operator,101,29
27-8043311,Mellicent,Cogman,Female,537-59-1427,1999-05-05,Legal Assistant,105,24
56-8924839,Edita,Nevins,Genderqueer,554-55-8527,1992-02-12,Cost Accountant,103,31
46-0865800,Tonye,Bailess,Female,237-98-5088,1990-08-13,Media Manager I,106,33
64-2060927,Justus,Benedit,Male,727-96-1201,2000-10-23,Administrative Assistant II,106,23
21-7445378,Reginauld,Maunders,Male,519-56-8597,1996-05-05,Software Test Engineer IV,101,27
35-6535507,Odella,Pratty,Bigender,499-28-3755,1998-08-02,Web Designer I,107,25
22-3797420,Gregoor,Roubert,Male,430-82-5116,1970-04-17,Actuary,106,53
29-3150135,Roarke,Proctor,Polygender,309-79-4069,1999-02-28,Computer Systems Analyst I,103,24
63-4940207,Laurence,Keyzor,Male,498-90-7605,1977-01-24,Human Resources Manager,104,46
48-3288104,Huey,Bartleman,Male,263-55-0215,1975-04-08,Human Resources Assistant IV,104,48
53-7480027,Kyle,Neath,Female,810-06-2141,1973-04-03,Account Representative IV,104,50
12-2326373,Joelle,Mullan,Female,238-72-8235,1989-12-15,Senior Quality Engineer,102,33
68-8080133,Catha,Backhouse,Female,478-20-4818,1975-08-27,VP Sales,107,48
65-1941246,Ignaz,Blackston,Male,821-98-9731,1976-02-02,Programmer IV,107,47
98-4134438,Dynah,Keesman,Female,318-09-3726,1992-05-09,Mechanical Systems Engineer,107,31
74-0844980,Tammy,Wint,Female,334-72-5864,1995-06-12,Senior Editor,103,28
03-8140671,Delcine,Chalmers,Female,515-95-2715,2001-03-22,Nurse Practicioner,103,22
35-6140745,Giacobo,Reeman,Male,198-45-5686,1997-12-24,Desktop Support Technician,103,25
36-4898344,Vin,Peattie,Male,838-32-3928,1989-05-07,Chief Design Engineer,103,
55-8317389,Toinette,Fanti,Female,747-69-0458,1997-03-03,Quality Control Specialist,101,26
33-4750058,Haven,Geroldini,Male,143-20-5037,1999-06-26,Payment Adjustment Coordinator,104,24
66-9226110,Elle,Garnam,Genderfluid,548-63-5421,1998-06-07,Geological Engineer,103,25
04-8859652,Ruby,Gatrill,Male,571-43-8774,1997-04-23,Paralegal,104,26
77-8912386,Carroll,Glew,Male,646-14-5518,1992-08-01,Software Engineer II,104,31
57-9269464,Seumas,Caig,Male,112-37-7896,1980-06-16,Web Developer I,102,43
66-8436321,Nadiya,Bembridge,Female,639-39-2513,1998-11-25,Geological Engineer,105,24
20-8619088,Zerk,Shirlaw,Male,784-28-8889,1980-03-19,Food Chemist,104,43
15-8690762,Roxine,,Female,757-04-2103,1982-08-20,Geologist I,107,41
43-6123682,Mohandis,Josephsen,Male,458-80-2502,2000-05-15,Speech Pathologist,106,23
46-2417741,Cloris,McGeachie,Female,111-05-8451,1979-03-31,Account Executive,103,44
31-0709019,Aloise,O'Reilly,Female,530-18-1374,1989-06-03,Project Manager,101,34
31-5142691,Helli,Canto,Female,261-44-7825,1985-04-16,Automation Specialist III,104,38
91-9942446,Gregoor,Jancey,Male,405-84-4822,1998-08-01,Administrative Officer,101,25
28-8240973,Betsey,Payze,Female,668-23-7715,1975-11-07,Professor,106,48
89-6443431,Angelico,Josilevich,Male,473-32-2579,1997-10-02,Food Chemist,101,26
04-0972898,Tristan,Pedrazzi,Male,390-62-2884,1996-04-07,General Manager,104,27
46-8186671,Anabelle,Osbaldstone,Female,387-63-8848,1993-02-25,Dental Hygienist,104,30
23-0186992,Hesther,Alman,Female,814-60-5310,1990-08-29,Quality Control Specialist,104,33
32-8310974,Wallache,Dawbury,Male,171-48-0434,1971-02-16,Compensation Analyst,105,52
63-8371401,Joleen,Baud,Genderqueer,420-49-3267,1996-05-15,,106,27
91-0259327,Alfons,Huc,Male,612-79-3121,1998-05-15,Web Designer I,106,25
57-1848560,Tallou,Lovell,Female,427-39-4611,2000-07-25,Senior Quality Engineer,102,23
99-4897035,Abbye,Ben-Aharon,Female,895-24-1644,1977-09-18,,107,46
49-6949661,Chaddie,Pietruszka,Male,108-57-9170,2000-06-24,Quality Control Specialist,104,23
08-4392602,Terrijo,Gillman,Female,538-66-4832,1978-05-15,Nuclear Power Engineer,103,45
56-5233205,Martin,Nickels,Male,370-09-4408,1993-05-13,Research Assistant I,106,30
95-3815056,Steven,Rawood,Male,353-17-9185,1977-12-01,Account Representative III,104,45
60-5498467,Heather,Eddy,Female,111-82-0363,1982-12-29,Research Nurse,104,
75-2224109,Lorenzo,Hallbird,Male,214-38-1401,1980-11-19,Accounting Assistant II,105,43
70-7774423,Godard,Leveridge,Male,706-84-2746,1972-08-14,Senior Financial Analyst,107,51
46-3871743,Edvard,Winney,Male,137-11-7989,1983-02-12,Social Worker,105,40
44-2140216,Stanly,Toombes,Male,401-08-7605,1978-08-21,Geologist I,107,45
93-1159834,Kelcie,Duffett,Female,544-37-9335,1972-10-28,,106,51
51-2726976,Danya,Woollam,Female,288-74-1868,1972-08-02,Speech Pathologist,102,51
63-2590475,Sigmund,Chown,Male,402-33-6945,1976-08-06,Environmental Tech,103,47
55-9499458,Gertrude,,Female,272-03-8653,1984-07-25,Mechanical Systems Engineer,105,39
75-3289019,Ethelin,Will,Female,230-44-0207,1986-02-08,Structural Analysis Engineer,105,37
19-6873473,Almira,Siene,Female,510-26-7417,1990-06-02,Environmental Tech,106,33
40-0293446,Gwenneth,Birchner,Female,455-12-0387,1984-09-17,VP Sales,107,39
36-0073613,Kevon,Seson,Male,378-35-5378,1992-12-03,Marketing Assistant,101,30
53-9521614,Izaak,Gerold,Genderqueer,552-70-6039,1990-09-24,Automation Specialist III,102,33
12-2297933,Joann,Kondrat,Female,580-76-8640,1997-10-07,,106,26
34-3315582,Leigh,Blaik,Female,698-94-4331,1982-08-30,Editor,107,41
59-2976077,Ede,Halson,Agender,283-89-6081,1995-07-17,Staff Accountant IV,106,28
94-2828396,Pansy,Jullian,Genderqueer,482-49-2710,1972-03-26,Programmer Analyst I,107,51
02-1102050,Kathe,Gori,Female,487-53-4973,1990-10-12,Assistant Media Planner,103,33
56-1505536,Arnuad,Russen,Male,764-10-6072,1989-03-13,Geological Engineer,107,34
87-6672005,Brigg,Laurentin,Male,888-29-7949,1974-01-22,Operator,106,49
99-9945681,Antonia,,Female,899-09-9913,1977-04-21,Sales Associate,105,46
41-2209044,Aldus,Marnane,Male,505-74-4660,1986-06-09,Nurse,103,37
05-3650385,Ewen,Worters,Male,193-38-4973,1970-09-23,Senior Cost Accountant,103,53
66-9090100,Reid,Aberhart,Male,375-77-0216,2001-01-26,Marketing Manager,102,22
82-3006284,Baxie,Szanto,Male,278-78-6911,1999-01-15,Accounting Assistant II,104,24
53-8323129,Archibald,Bulbrook,Male,789-85-1558,1994-01-04,Automation Specialist I,105,29
85-9472655,Peta,Farbrother,Female,754-50-7783,1980-02-09,Computer Systems Analyst II,105,43
49-0225594,Edward,Prestage,Male,699-67-2750,1984-03-21,Design Engineer,101,39
87-6415779,Bradney,McEntagart,Male,402-34-4311,1975-03-28,Environmental Specialist,102,48
51-4175135,Ker,Galvin,Male,728-37-2484,1998-08-28,VP Accounting,105,25
95-6729273,Cleon,Winston,Male,894-90-6591,1992-12-11,Help Desk Technician,102,30
83-4387916,Carlynn,Stanlick,Female,713-40-8118,1996-03-30,Staff Scientist,102,27
84-2251087,Milena,Kimmel,Female,650-66-2545,1980-01-07,Media Manager II,104,43
74-1559220,Cross,Spalls,Male,454-22-7409,1982-09-01,VP Accounting,104,41
93-8748464,Jarid,Foulds,Male,499-56-2259,1995-08-29,Safety Technician I,104,28
12-1482102,Lissi,Meineck,Female,621-05-9009,1981-12-11,VP Accounting,104,41
22-7125544,Andrew,McGeorge,Male,816-33-3860,1970-06-02,Quality Engineer,104,53
97-3785829,Kaleena,Ridler,Female,156-98-0052,1985-07-26,Financial Advisor,107,38
83-7412141,Morna,Moakes,Female,770-13-7850,1996-09-01,Structural Engineer,103,27
06-0126426,Leeanne,O'Drought,Bigender,367-78-0939,1974-06-19,Clinical Specialist,106,49
69-9387959,Cordell,Rainard,Male,453-16-9462,1981-01-11,Civil Engineer,104,42
64-9343271,Georgena,Allsopp,Female,822-15-7645,1994-11-07,Safety Technician IV,106,29
40-6110293,Krista,Dable,,412-49-4619,1991-08-21,VP Product Management,104,32
24-4522572,Devonne,Minchinton,Female,778-49-1476,1987-05-13,Web Developer IV,107,36
88-9784508,Bayard,Deare,Male,397-85-6144,1973-03-03,Staff Scientist,105,50
20-6121599,Mair,Seabridge,Female,383-52-8619,1976-10-28,Senior Financial Analyst,102,47
91-0119759,Tab,Grigorushkin,Male,855-57-9180,1972-11-07,Office Assistant III,107,51
47-4183025,Mariam,Montrose,,480-16-9623,1993-08-07,VP Product Management,101,30
92-8293273,,Caruth,Male,644-59-1448,1983-07-31,Product Engineer,105,40
42-2356508,Yoko,Garratt,Female,609-94-4011,1987-08-04,Accountant III,103,36
61-8188939,Cob,Darth,Male,295-39-3632,1987-06-18,Senior Developer,101,36
57-3496085,Clementius,Marryatt,Male,343-55-7500,1971-07-25,Business Systems Development Analyst,102,52
67-5577640,Kyle,Scamadine,Female,379-21-6936,1997-11-20,Safety Technician II,101,25
07-6058090,Benedicto,Wetheril,Male,630-39-6198,1989-12-05,Administrative Officer,103,33
35-2110798,Calhoun,Beadle,Male,873-93-6542,1988-12-19,Research Associate,101,34
71-7573723,Ingamar,Saer,Male,672-59-5358,1981-04-12,Marketing Assistant,106,42
46-6337120,Steffi,Jenny,Female,546-65-1665,1987-03-05,Professor,106,36
05-9512595,Concettina,Highman,Female,310-05-6031,1970-02-15,VP Quality Control,104,53
58-9894185,Laney,Waddicor,Male,310-40-8436,1999-10-19,Sales Associate,102,24
68-6363381,Marni,Dunne,Female,405-29-5841,1971-08-15,Pharmacist,102,52
20-7405506,Fabiano,,Male,574-57-7036,1994-11-01,VP Quality Control,105,29
14-7809214,Jervis,,Male,601-81-6121,1984-08-03,Associate Professor,106,39
90-0495025,Adey,Scoyles,Female,807-38-3918,1989-03-21,Product Engineer,104,34
03-6875503,Stevana,Ringer,Female,677-21-5359,1986-06-19,Senior Editor,103,37
46-0895486,Manfred,Kynoch,Male,683-41-6736,1988-03-30,Sales Associate,103,35
51-7734648,Jasmina,Trusse,Agender,538-96-3609,1971-09-01,Quality Control Specialist,107,52
84-3075243,Dolley,Josephson,,570-55-2227,1978-03-29,Business Systems Development Analyst,104,45
72-4606121,Lauren,Denidge,Female,876-90-7917,1982-10-16,Research Nurse,106,41
14-7872895,Mozelle,Pickerill,Genderfluid,384-19-9592,1988-08-27,Sales Associate,107,35
25-3495869,Bea,Gudger,Female,252-95-2804,1979-10-18,Project Manager,105,44
59-6358310,,Wandrey,Male,357-71-9362,1978-08-24,Account Coordinator,107,45
15-7941967,Thorny,Cogzell,Male,342-32-7699,1973-05-14,Environmental Specialist,101,50
99-9396819,Lancelot,Bresson,,593-85-7109,1993-07-24,Design Engineer,106,30
30-9379257,Timoteo,Demead,Male,390-73-7845,1985-10-08,Assistant Media Planner,104,38
43-0927724,Kathi,Loblie,Female,578-61-1826,1989-03-10,Statistician III,106,34
31-3513143,Rudolf,Linny,Male,642-14-2378,1971-03-04,GIS Technical Architect,107,52
96-8075243,Finley,,Male,221-97-9627,1980-01-27,Human Resources Assistant II,103,43
11-2335245,Giavani,Heffron,Male,226-63-2449,1983-06-27,Actuary,105,40
01-0787846,Quillan,Grindlay,Male,515-35-1444,1997-09-05,Quality Engineer,102,26
22-1905728,Leo,Trundle,Male,462-23-5828,1997-10-18,Senior Editor,105,26
28-5967997,Marlon,Mitie,Male,127-66-6347,1985-05-01,Registered Nurse,103,38
04-9709088,Bernetta,Cleator,Female,561-52-2823,1971-04-20,Assistant Manager,107,52
12-5015790,Krissy,Ascrofte,Female,829-92-0769,2001-01-04,Quality Engineer,103,22
14-2087303,Claribel,Delicate,Agender,427-95-9850,1995-07-09,Programmer Analyst I,107,28
37-7968011,Liuka,Mealiffe,Female,374-80-3019,1978-10-07,Senior Developer,106,45
46-1682144,Pepillo,Worviell,Male,473-09-6200,1996-09-03,VP Product Management,101,
11-3970123,Burr,Scroggs,Male,869-85-6954,1971-06-28,Desktop Support Technician,103,52
04-3940040,Ade,Ellen,Male,110-46-3646,1978-07-04,Software Engineer I,103,45
30-8796579,Bobbi,Trimme,Female,753-19-8082,1970-01-27,GIS Technical Architect,102,53
85-5727946,Madel,Willars,Female,685-92-0706,1977-12-04,Human Resources Assistant IV,103,45
89-2706055,Randell,Garmans,Male,250-69-9046,1984-11-25,Administrative Officer,105,38
88-6239645,Camila,Ducarne,Female,685-57-0978,1974-05-15,Technical Writer,106,49
98-4363866,Tremayne,Rue,Male,395-17-0750,1999-01-01,Staff Scientist,101,24
81-3308255,Turner,Sacase,Male,806-65-4243,1985-06-30,Payment Adjustment Coordinator,101,38
88-7209169,,Crimpe,Male,374-61-7732,1975-01-10,Director of Sales,106,48
21-1306698,Ansel,Falla,Male,151-60-9412,1995-11-18,Office Assistant I,103,27
44-6579352,Jonathan,Minter,Male,112-54-9104,1972-01-06,VP Accounting,103,51
06-8235058,Karleen,Sanchez,Non-binary,441-45-3853,1983-02-20,Computer Systems Analyst IV,107,40
81-5610709,Isador,Huffer,Male,335-67-5075,1992-05-07,General Manager,101,31
81-2386986,Pall,Aluard,Male,526-75-0206,2001-07-28,Information Systems Manager,107,22
08-4582174,,Kenewell,Male,225-35-1624,1972-03-09,Web Designer I,107,51
26-0229798,Stuart,Quincey,Male,190-36-7634,1986-02-24,Operator,103,37
08-4115010,Nikolai,Meach,Male,173-02-9078,1975-12-14,VP Marketing,106,47
63-5455243,Odell,Exeter,Male,630-80-7030,1985-09-08,Design Engineer,104,38
09-7776954,Betsey,Coners,Female,414-56-3771,1999-12-07,Financial Advisor,103,23
20-4668183,Lil,Morphey,Female,573-79-0837,1978-09-13,Electrical Engineer,104,45
68-3525954,Lynn,Lamplugh,Male,470-91-0048,1983-08-13,Human Resources Manager,107,40
54-9483157,Felicio,Balden,Male,316-63-9346,2001-12-24,Help Desk Operator,107,21
93-2675830,Mag,Mettricke,Female,405-23-1220,1985-02-02,Geological Engineer,105,38
61-0596955,Brade,Norwood,Male,569-68-4779,1976-11-22,Librarian,106,46
40-9236764,Boonie,Loftie,Male,548-43-1296,1974-09-21,Accountant II,107,49
85-0828168,Rosalinde,Roantree,Female,498-03-0534,1992-01-01,Product Engineer,106,31
64-9448194,Charlena,Ivel,Female,490-53-7883,1982-03-01,Sales Representative,106,41
66-4334981,Goober,Hullett,Male,215-10-9263,1974-05-18,Account Coordinator,101,49
06-4370596,Cristian,Eisikowitch,Male,565-83-9159,1982-07-25,Project Manager,103,41
93-2113545,Jessi,Hannaway,Female,509-71-2197,1980-03-15,Payment Adjustment Coordinator,102,43
79-7612485,Lucho,Stocker,Male,665-91-3493,1982-03-05,Registered Nurse,105,41
91-8304725,Jody,Dene,,631-73-9361,1974-03-15,Sales Associate,106,49
66-2512015,Charmine,Gorger,Female,434-38-6776,2001-02-06,Professor,102,22
82-9219500,Kristy,Frounks,Female,579-27-6593,1985-09-08,Staff Scientist,104,38
84-3760036,Calhoun,Decker,Male,479-09-7295,1985-09-19,Help Desk Operator,102,38
77-3759343,Glennis,Souch,Female,213-30-7515,2001-08-30,VP Marketing,107,22
63-6743319,Staford,Galler,Male,747-86-2568,1990-03-15,Help Desk Technician,106,33
29-1333016,Gilligan,Guild,Female,664-25-9699,1987-04-17,Actuary,104,36
22-1911057,Anastassia,Cradoc,Female,888-80-6082,1998-04-21,Librarian,107,25
77-9452575,Dory,Fawcitt,Female,765-62-9563,1994-02-11,Registered Nurse,103,29
63-1709423,Janel,Gergler,Female,501-89-8373,1987-04-26,Actuary,106,36
41-0162900,Chiarra,Merryman,Female,387-81-0766,1986-05-24,Librarian,107,37
72-8164997,Melany,Willcot,Female,505-66-6736,1995-03-17,Nurse,101,28
05-9441902,Ronna,Saffe,Female,835-29-6376,1996-11-02,Geologist II,103,27
10-7050633,Addy,Critchell,Male,360-85-9648,1999-06-20,Associate Professor,106,24
50-7520952,Buckie,Woolen,Male,669-32-7907,1991-05-11,Programmer Analyst III,106,32
18-4170118,Eduardo,Pim,Male,899-59-7208,1979-03-06,Assistant Professor,106,44
37-2076993,Flore,Yarker,Female,409-83-8765,1990-01-02,VP Product Management,101,33
69-1664474,Piotr,Lowrie,Male,288-04-4636,1971-08-11,Compensation Analyst,105,52
82-5774053,Berkley,Babonau,Male,553-22-4963,1986-06-18,Programmer Analyst IV,103,37
04-1032423,Ronnica,MacAnespie,Female,460-89-8407,1986-09-04,Safety Technician III,101,37
79-6145904,Nelle,Bruckner,Female,531-43-0075,1999-01-18,Human Resources Manager,106,24
25-0573343,Patin,Craigg,Male,720-26-5735,1971-11-14,Geologist III,106,52
46-8355705,Alanson,Batistelli,Male,593-92-5752,1972-07-19,Research Associate,105,51
73-7743530,Kaine,Grimsditch,Male,340-49-5879,1986-12-20,Compensation Analyst,103,36
84-9742706,Riannon,Easdon,Female,739-26-2336,1994-01-17,Software Engineer III,103,29
13-7226912,,Lightbown,Male,790-66-1250,1978-08-31,Dental Hygienist,105,45
67-0647672,Emmi,Waddams,Female,451-54-4239,1973-10-23,Media Manager I,102,50
39-2696977,Riva,Stonehewer,Female,124-22-2843,1972-10-12,Help Desk Operator,107,51
49-4769403,Chris,Lawtie,Male,240-76-0748,1985-07-11,Senior Editor,104,38
42-5851152,Pamelina,O'Neill,Female,592-56-2560,1979-01-07,Cost Accountant,107,44
33-7529107,Olly,Paullin,Male,699-34-6885,1979-05-15,Legal Assistant,103,44
86-1668122,Munroe,Barenskie,Male,155-62-2745,1984-11-12,Software Engineer III,103,39
81-2363964,Hildagard,Hazeldene,Female,850-10-8862,1970-04-29,Human Resources Assistant IV,106,53
44-6708232,Henri,Toderini,Male,441-12-1218,1997-08-21,Administrative Assistant III,105,26
35-7399777,Loralee,Aleswell,Female,442-32-2655,1984-08-02,Geological Engineer,102,39
22-5973136,Alberto,McCart,Male,686-85-0309,1983-05-16,Project Manager,107,40
79-1240919,Donna,Poulter,Female,153-44-9774,1990-12-27,,107,32
22-6751467,Reg,Cutler,Male,179-72-2987,1993-05-12,Assistant Media Planner,104,30
42-2679778,Andree,Deshon,Female,719-62-2278,1997-07-22,Analyst Programmer,104,26
98-3948945,Margeaux,Fulop,Female,700-01-2126,1978-07-20,Human Resources Assistant III,101,45
02-0627826,,Ailsbury,Female,206-29-9993,1976-11-16,Cost Accountant,102,47
89-2107547,Audie,,Female,433-89-4480,1976-06-28,Administrative Assistant III,106,47
29-8232062,Claudette,Patis,,192-53-0416,1978-11-10,Product Engineer,104,45
85-5779114,Ephrem,Abrey,Male,883-53-0261,1973-10-28,Product Engineer,107,50
12-0826553,Stanford,Othen,Polygender,283-61-0432,1977-07-10,Web Designer IV,102,46
43-3010946,Mahmoud,Stranio,Polygender,208-41-7468,1985-07-15,Quality Control Specialist,105,38
70-4480925,Briana,Cleife,Female,445-78-5998,1972-06-03,Senior Cost Accountant,103,51
74-7284225,Sergeant,Chiechio,Male,138-55-4812,2001-02-01,Web Developer I,101,22
94-5760396,Maribeth,Hathway,Female,207-05-8494,1979-01-20,Clinical Specialist,104,44
20-5614780,Luis,McNeely,Male,125-29-2513,1972-02-19,Internal Auditor,102,51
90-8643321,Wolfy,Woolhouse,Male,254-86-8958,1993-06-29,Technical Writer,107,30
34-8272039,Reed,Maudson,Male,629-82-2233,1973-09-16,Help Desk Technician,102,50
06-5221763,Edsel,Richfield,Male,864-80-3307,1973-11-10,Developer I,102,50
27-8494960,Lindsay,O'Feeney,Female,320-80-4786,1972-12-04,Structural Engineer,107,50
25-6200527,Rudyard,Coffee,Male,782-75-8268,1971-11-14,Senior Developer,102,52
16-0184530,Locke,Woolward,Male,684-77-8925,1999-06-11,Recruiting Manager,107,24
49-6243533,Una,Boldt,Female,439-45-1236,1994-08-10,Food Chemist,106,29
68-9146439,Dunstan,Slipper,Male,897-82-5200,1998-02-05,Systems Administrator II,102,25
66-8320898,Kissie,Sculpher,Female,538-84-2015,1983-06-10,Web Designer II,105,40
51-6243184,Brandyn,Penburton,Male,410-18-8498,1991-07-04,Systems Administrator IV,102,32
24-2758829,Moyra,Loidl,Female,615-55-8569,1970-10-03,Software Consultant,104,53
07-5876488,Sheff,Fiddymont,Male,429-07-2528,2000-05-07,Sales Representative,105,23
75-7433039,Jake,McGaffey,Male,640-02-3091,1978-02-26,Registered Nurse,101,45
33-4340847,Charissa,Etock,Female,719-31-5134,1996-09-30,Chief Design Engineer,103,27
44-3565974,Cirstoforo,Linneman,Male,728-41-1893,1980-01-18,Automation Specialist II,105,43
79-0793818,Shaine,Pidgen,Female,523-04-2846,1992-01-16,Associate Professor,101,31
82-7077953,Shannon,Pighills,Female,748-70-6003,1979-11-26,VP Accounting,107,43
81-4329541,Miran,Pumphrey,Female,727-49-3497,1991-07-16,Librarian,104,32
48-6533866,Dannel,Monketon,Male,599-15-2775,1975-07-10,Structural Analysis Engineer,102,48
01-2755259,Page,Lembke,Bigender,605-37-3212,1989-03-27,Account Coordinator,104,34
77-7443400,Florenza,Handmore,Female,566-92-3456,1972-04-16,Data Coordinator,104,51
66-9678395,Whitaker,Neno,Male,433-28-8794,1999-08-18,Developer IV,101,24
48-7411563,Forster,Jandl,Genderfluid,678-32-5322,2001-11-02,Accounting Assistant I,101,22
72-7769270,Eulalie,Beharrell,Female,671-06-0710,2000-10-26,Junior Executive,103,23
65-7995478,Eden,Devorill,Genderqueer,256-60-4823,1997-07-13,Internal Auditor,102,26
50-0134608,Fayette,Langwade,Female,568-67-5763,1979-05-18,Operator,107,44
45-4486385,Chadwick,Spafford,Polygender,838-01-2127,1978-07-23,Quality Control Specialist,107,45
25-9315311,Demetris,Barts,Male,662-87-3953,1977-11-30,Community Outreach Specialist,106,45
49-7667008,Gary,Wisker,Male,549-86-6961,1998-08-20,Computer Systems Analyst III,107,25
44-0926511,Arlyne,Dachs,Female,301-42-5082,1981-08-20,Sales Representative,107,42
06-6610248,Brant,MacIan,Male,756-59-9651,1978-05-25,Computer Systems Analyst III,104,45
46-7827188,Jennica,Sandlin,Female,303-87-4932,1970-04-11,Occupational Therapist,104,53
88-3272204,Lorita,Marian,Female,814-28-2162,1971-09-10,Assistant Professor,102,52
73-0980233,Keary,Durrans,Bigender,711-44-0638,1972-11-10,Safety Technician IV,101,51
83-0699169,Markus,Tansey,Polygender,103-07-0051,1978-10-20,Marketing Manager,103,45
34-1438644,Lemuel,Habbershon,Male,817-73-3757,1971-06-02,Research Assistant III,102,52
43-8364450,Carlo,Crimes,Male,751-53-3357,1999-12-14,Research Associate,106,23
27-7865804,Janean,Niessen,Female,492-15-1273,1970-01-03,Pharmacist,107,53
39-0223572,Granger,Tanti,Male,468-95-3287,1975-08-20,Office Assistant III,102,48
01-0732864,Gisella,Wilstead,Female,133-95-7894,1988-10-18,Desktop Support Technician,106,35
32-8270018,Mehetabel,Wingate,Female,358-73-0919,1988-05-12,Automation Specialist III,106,35
16-4715550,Jared,Laye,Non-binary,317-35-4185,1999-05-28,Nurse,104,24
96-6731600,Mellie,Mattiello,Female,300-90-0174,1976-04-13,Paralegal,106,
10-1439407,Emlyn,Wincer,Male,201-65-8895,1990-08-30,Electrical Engineer,107,33
52-8090962,Avery,Breffitt,Male,431-19-1129,1978-07-14,,106,45
43-6252724,Lola,Bulcock,Female,720-15-7377,1995-03-31,Assistant Media Planner,103,28
47-8696904,Stu,Forlonge,Male,824-30-2281,1974-02-19,Assistant Media Planner,107,49
59-7886176,Steve,Jammet,Male,115-57-4117,2001-06-16,Budget/Accounting Analyst II,101,22
75-4940037,Al,Ealles,Male,111-68-9420,1987-07-28,VP Accounting,102,36
11-9395048,Dalila,Littlekit,Female,630-41-0142,1977-07-20,Junior Executive,102,46
01-5915330,Euell,Bromidge,Male,708-06-2295,1986-05-14,Nurse,106,37
92-3776369,Ashlin,Bracey,Male,896-67-7616,1980-01-18,Analog Circuit Design manager,107,43
60-4123760,Lenci,Bathoe,Male,712-77-9069,1998-08-21,Assistant Media Planner,105,25
74-4283539,Lanny,Bredes,Male,713-50-9682,1988-11-24,Executive Secretary,104,34
62-4069798,Bill,Geall,Female,782-40-1333,1996-01-07,Environmental Tech,107,27
24-5335482,Dewain,Blaker,Male,817-59-4590,1971-05-12,Actuary,101,52
80-1789914,Otha,Lower,Female,647-17-7779,1988-05-02,Graphic Designer,104,35
29-6834017,Elsey,Harhoff,Female,569-79-1292,2000-11-02,Geological Engineer,105,23
75-0412183,Rik,Stutard,Male,224-53-4594,1984-01-02,Librarian,107,39
42-7501422,Olin,Nissle,Genderfluid,166-60-4699,1996-09-12,,105,27
20-1051578,Rahel,Donan,Female,716-52-4432,1990-08-31,Statistician II,103,33
78-1500608,Arleen,Enrique,Female,328-74-8383,1985-08-25,Engineer II,106,38
00-6351482,Orville,Oglevie,Genderfluid,281-75-8469,1977-04-22,Senior Financial Analyst,102,46
22-9466062,Tamarah,Halsall,Female,713-81-0773,1970-12-24,Product Engineer,105,52
47-5649506,Allayne,Gorthy,Male,801-65-4347,2001-06-16,Executive Secretary,102,22
37-9776808,Barbabas,Galey,Male,121-24-4979,1993-06-20,Director of Sales,107,30
35-6120229,Marlo,Rapport,Male,533-10-5284,1989-08-21,Financial Analyst,101,34
00-8336338,Sheela,Houseley,Female,559-78-8585,1994-10-28,Electrical Engineer,107,29
63-8782059,Delinda,Abrashkov,Female,578-92-9077,1996-04-20,Software Consultant,106,27
09-8537960,Hubey,Hydes,Male,112-90-2215,2001-06-02,Research Associate,105,
93-9392027,Cyrus,Hawkswell,Male,676-68-8129,1971-08-14,Analog Circuit Design manager,104,52
38-6427795,Jess,,Female,780-54-2660,1987-11-14,Registered Nurse,102,36
48-2951446,Orelle,Johl,Female,226-86-9536,1987-01-25,Health Coach I,105,36
37-8014382,Yurik,Hucks,Male,183-65-4486,1984-08-28,Information Systems Manager,105,
16-5287196,Joceline,Schukraft,Female,224-14-6276,1980-11-09,Software Consultant,102,43
30-1631310,Lockwood,Sapey,Agender,529-30-7446,1996-09-21,Administrative Officer,104,27
65-7449617,Alleen,Giacomasso,Female,773-65-5975,1993-10-07,Health Coach IV,106,30
18-0400226,Joshuah,Ambrogetti,Male,303-17-0328,1970-07-16,Information Systems Manager,107,53
93-1345101,Leelah,Guidotti,Female,757-81-1945,1990-09-20,Database Administrator IV,105,33
71-5662879,Hube,Carriage,Male,240-86-2393,1981-10-31,Budget/Accounting Analyst I,101,42
29-4747592,Welch,Townes,Male,532-50-5927,1970-06-20,Accounting Assistant II,106,53
05-8716907,Milena,Daniello,Female,695-69-0842,1986-07-29,Software Consultant,107,37
86-7560476,Elyssa,Cushworth,Female,540-89-6020,1973-07-25,Professor,107,50
20-9057186,Mason,Alejandre,Male,406-46-0723,1989-09-07,Senior Developer,105,34
42-8907791,Marissa,Gajownik,Female,627-45-2621,1993-01-01,Professor,106,30
26-8924252,Aimee,Covet,Female,497-66-3084,1980-08-09,Recruiting Manager,102,43
79-5304139,Cal,Korneluk,Female,247-44-9476,1984-03-03,Senior Cost Accountant,104,39
29-3183499,Vassily,Brake,Male,366-74-2633,1996-12-15,Senior Developer,104,26
42-4151214,Jodi,Nairn,Male,595-04-3581,1986-09-03,Occupational Therapist,102,37
88-2473727,Milena,Thomassin,Female,293-96-2368,1998-10-31,Account Coordinator,103,25
60-9026709,Eolande,Kilgallon,Female,404-42-7785,1977-08-18,Programmer Analyst II,102,46
35-1168742,Birdie,Gaunt,Female,347-37-5595,1977-11-18,Automation Specialist II,101,46
07-7729550,Ellie,Engall,Female,539-22-2762,1995-04-12,VP Product Management,106,28
53-6324978,Rea,Canepe,Female,663-79-3488,2000-09-24,Structural Engineer,106,23
35-4927927,Jackie,Blackborow,Male,257-11-2779,1988-02-14,Staff Scientist,103,35
50-0733366,Kristal,Nicol,Female,764-71-3416,1990-01-31,Analog Circuit Design manager,105,33
75-0236705,Dawn,Jarvie,Female,870-73-4469,1976-02-19,Research Nurse,101,47
78-0986287,Norman,McGing,Male,180-70-0086,1973-02-27,Librarian,106,50
94-3237465,Tiphani,Mellmoth,Female,418-36-7428,1995-02-20,Computer Systems Analyst III,101,28
04-8629473,Robinette,Rebanks,Female,259-48-9977,2000-10-29,Senior Quality Engineer,102,23
24-2170919,Johann,Cockshoot,Male,612-64-9455,1986-03-28,General Manager,107,37
35-6412616,Baxter,Kornilyev,Male,369-19-4044,2001-09-05,Food Chemist,101,22
15-7402049,Garner,Shailer,Male,359-56-3528,1978-10-16,Design Engineer,104,45
53-2080122,Rebbecca,Hymers,Female,415-37-2710,1985-07-15,Human Resources Assistant III,104,38
63-6192495,Mechelle,Vercruysse,Female,376-09-2359,1973-07-20,Human Resources Manager,107,50
45-8155262,Addy,Durn,Male,209-04-3632,1991-12-22,Staff Scientist,101,31
51-2536776,,Heintze,Genderqueer,722-32-4576,1978-09-20,Design Engineer,104,45
34-7521206,Bren,MacGiany,Male,572-01-7737,1987-11-22,Media Manager I,104,35
11-3106643,Marji,Linskill,Female,468-99-4545,1979-10-25,Staff Accountant IV,105,44
82-0850044,Gisella,Broszkiewicz,Female,787-01-7706,1987-04-08,Marketing Assistant,101,36
20-0832515,Demetra,,Female,335-35-9379,1972-10-18,Desktop Support Technician,105,51
02-8777448,Meara,Burnup,Female,452-72-0727,1987-03-07,Marketing Manager,104,36
20-7729837,Margarete,Tichner,Female,890-98-6147,1980-07-14,Assistant Media Planner,101,43
59-9362860,Christiane,Gravestone,Female,669-61-8198,1978-05-14,Professor,105,45
07-9713869,Bertie,Rens,Male,167-54-6376,1973-12-15,Junior Executive,101,49
11-7570926,Chen,Nazareth,Male,436-32-2689,1973-03-30,Analyst Programmer,103,50
14-2650715,Mackenzie,Madre,Male,595-03-3889,1981-07-22,Chemical Engineer,107,42
21-3052427,Thorndike,Malthouse,Male,388-03-4160,2001-01-09,Sales Associate,104,22
41-2606665,Erl,Okroy,Male,432-30-3325,1995-08-15,Senior Editor,102,28
04-0634481,Rollo,Upwood,Male,111-71-8500,1973-03-08,Staff Scientist,107,50
35-1974396,Gail,Aistrop,Bigender,695-73-2875,1979-07-14,Programmer I,101,44
33-3858816,Rakel,Mayhow,Non-binary,753-25-4044,2001-11-22,Marketing Manager,103,21
27-2749097,Ferne,Hegley,Female,291-74-6981,1985-07-01,Analog Circuit Design manager,103,38
71-8337341,Nickola,Chanson,Male,876-25-1128,2000-04-04,Design Engineer,105,23
99-7679883,Kimberlyn,Tumayan,Female,157-24-6198,1995-10-22,Professor,106,28
84-9112383,Maggy,Ketteman,Female,503-34-1356,1976-03-26,,103,47
75-8290105,Claudette,Gundrey,Female,635-72-4579,1989-07-19,Civil Engineer,107,34
56-9955509,Jerrilyn,Van Bruggen,Bigender,838-87-3639,2000-03-07,Geological Engineer,106,23
91-0987912,Mada,Louth,Female,241-87-2184,1993-04-17,Administrative Officer,105,30
51-4418235,Betteann,Feacham,Female,623-09-0405,2000-04-01,Geological Engineer,107,23
16-0861951,Cathryn,Ducket,Female,502-43-8046,1990-05-19,Accounting Assistant III,103,33
85-4232823,Brocky,Sommers,Male,549-46-0352,1975-02-16,Data Coordinator,102,48
45-9610411,Reagan,Bolles,Male,248-99-1903,1985-07-12,Account Representative II,101,38
96-5895066,Anthony,Neylon,Male,272-64-0797,1984-01-03,Clinical Specialist,106,39
17-2881921,Gabriel,Hembrow,Female,106-17-5576,1980-07-29,Human Resources Manager,107,43
05-5307594,Lloyd,Masters,Male,247-60-6888,1982-06-13,Cost Accountant,102,41
42-6709243,Clyde,,Male,596-38-9958,2000-04-24,Assistant Media Planner,101,23
18-5515046,Jules,Waszkiewicz,Male,143-63-7685,1973-09-02,Occupational Therapist,107,50
03-0398732,Ebony,Twinn,Female,433-62-7823,1984-02-04,Safety Technician IV,106,39
63-7869416,Rowney,Caplen,Male,829-62-4404,1973-04-27,Software Engineer IV,101,50
58-2361757,Sheppard,Glendza,Male,824-54-9590,1987-03-21,Accounting Assistant IV,102,36
88-2776220,Dieter,Boreham,Male,476-62-5537,1993-03-04,,107,30
35-8959362,Dana,Woodroof,Female,404-98-2901,1976-10-20,Nurse Practicioner,103,47
92-8536524,Reagan,Faircliff,Male,647-04-2385,1973-07-19,Paralegal,102,50
92-8283493,Jamil,Polding,Male,647-58-9673,1991-08-20,Help Desk Technician,106,32
94-7025309,Lelia,Yoselevitch,Female,574-29-7708,1987-07-24,Administrative Officer,104,36
87-1524310,Oliver,Linnane,Male,337-04-9144,1979-03-26,Statistician I,105,44
07-0513764,Josey,Wasielewicz,Female,133-88-1842,1989-04-02,Executive Secretary,104,34
70-9557679,Jocko,Pylkynyton,Male,673-11-5550,1984-09-07,Paralegal,102,39
56-2538209,Danika,Cromie,Female,359-18-8944,1988-03-31,Recruiter,107,35
59-1225380,Peria,Praton,Female,213-96-3296,1971-10-30,Senior Developer,106,52
77-8969935,Glynda,Churm,Female,544-80-5819,1977-07-16,Sales Representative,101,46
28-1074495,Manda,Clardge,,695-65-9520,1981-06-21,Data Coordinator,106,42
98-8312687,Chery,Dullingham,Female,233-21-3547,1982-04-10,Information Systems Manager,106,41
83-0576737,Piotr,Jime,Male,456-58-0311,1996-05-10,Administrative Officer,103,27
64-2887913,Thorstein,Vermer,Male,535-66-8081,1998-02-24,Structural Engineer,102,25
22-2019746,Gregoire,Fillimore,Male,673-60-3381,1982-08-18,Administrative Assistant I,107,41
41-5640927,Nikolaos,Maystone,Genderqueer,667-37-2064,1977-03-08,Graphic Designer,101,46
14-0383891,Sara-ann,Giorgetti,Female,263-41-9839,1970-03-23,Research Associate,107,53
12-3608157,Enrichetta,Grishin,Bigender,548-62-3292,1994-03-19,Account Executive,107,29
70-9194479,Amble,Carpmile,Male,799-92-2973,1994-09-22,Senior Editor,102,29
09-7754145,Cord,Chenery,Male,735-70-8520,1982-09-03,General Manager,103,41
36-4649035,Tiffy,Twinborne,Female,745-92-2543,1998-01-29,Software Engineer III,105,25
26-6853242,Amaleta,Rilings,Female,153-91-3870,1985-04-27,VP Quality Control,102,38
25-9160303,Early,Sommer,Male,677-53-2260,1975-11-11,Developer I,103,48
48-9002032,Clo,Arnaudot,Female,870-57-0662,1989-01-16,Developer IV,105,34
37-6641205,Yves,,Male,392-16-1286,1974-07-13,Software Consultant,104,
00-9031903,Leoine,Pawlett,Genderfluid,444-29-1713,2000-12-21,Teacher,107,22
86-0407854,Claudius,Dowdall,Male,435-44-6489,1976-07-08,Food Chemist,107,47
33-9240782,Skylar,Buzin,Male,304-91-2422,1993-02-16,Staff Accountant IV,101,30
56-7679252,Clifford,McKendry,Male,223-28-1595,1995-12-13,Senior Developer,104,27
61-2010295,Lucius,Itzhaiek,Male,160-66-2858,1980-09-24,Health Coach I,105,43
47-3769937,Ailbert,Nyland,Male,818-37-1529,1998-05-20,Product Engineer,104,25
92-0603852,Samaria,Curedell,Female,708-22-8230,1996-05-18,Software Consultant,105,27
30-1255023,Clifford,Sambles,Male,530-01-1863,1978-06-25,Physical Therapy Assistant,102,45
52-6659225,Currey,Hoggan,Male,145-75-5599,1989-03-01,Environmental Specialist,102,34
40-7932965,Damon,Goodban,Male,269-12-9815,1978-09-24,Legal Assistant,102,45
83-3170750,Fielding,Grundell,,157-83-4445,1981-02-23,General Manager,101,42
18-8696663,Germaine,Andresser,Male,282-19-0500,1976-04-02,Help Desk Technician,106,47
44-3004767,Johan,LLelweln,Male,863-92-7228,1971-10-29,Payment Adjustment Coordinator,104,52
90-8490105,Jerald,Foulds,Male,609-27-2485,1985-08-11,Quality Engineer,101,38
96-5421544,Ina,Cresar,Female,638-64-6176,1995-06-16,Structural Engineer,102,28
71-2050315,Tonnie,Klimke,Male,364-83-1448,1988-12-28,Structural Engineer,103,34
78-1537402,Hugibert,Wandrack,Male,312-94-3235,1978-12-03,Occupational Therapist,102,44
56-4528817,Carny,Sainte Paul,,327-57-5115,1984-10-24,Environmental Specialist,105,39
09-2536575,Lock,O' Dornan,Male,413-39-3671,1988-02-17,Business Systems Development Analyst,105,35
73-1880441,Gwen,Wassell,Polygender,660-38-2376,1988-09-15,Social Worker,105,35
47-8078270,Helaina,Ditchett,Female,421-62-1848,1998-12-22,Speech Pathologist,104,24
02-4211353,Reinaldo,Abbate,Bigender,628-06-6694,1981-05-11,Junior Executive,105,42
00-6411169,Joline,Maddox,Female,784-62-9259,1979-04-20,Director of Sales,102,44
85-4645537,Stern,Klesse,Male,881-58-3650,1997-07-30,Media Manager II,106,26
44-5814496,Francesca,Breadon,Female,419-76-0303,1983-11-30,Staff Accountant III,107,39
26-0532033,Hurlee,Durward,Polygender,742-27-5298,1985-09-11,Media Manager I,102,38
93-7300298,Poul,Puller,Male,713-27-5614,1973-01-21,,106,50
94-3571513,Ewan,Ingles,Male,681-42-9664,2000-02-08,Compensation Analyst,104,23
51-5022096,Hadrian,Marchelli,Male,748-05-3218,1993-05-18,Marketing Assistant,107,30
95-1809749,Mirna,Mayor,Female,144-93-6701,1989-08-18,Librarian,107,34
34-9070128,Donalt,Grimolbie,Male,279-30-4916,1992-02-03,VP Product Management,107,31
55-9524582,Babb,Bantick,Polygender,216-77-1376,1994-07-19,Electrical Engineer,101,29
75-2966286,Fiona,Tallach,Female,870-91-0534,1985-10-30,Editor,107,38
15-2171064,Freddy,Wissbey,Male,778-76-3855,1976-02-02,Food Chemist,101,47
74-5217902,Elfie,Feltoe,Female,809-85-4218,1994-10-22,Software Consultant,107,29
63-6646268,Lura,Ambrogelli,Female,361-42-5700,1987-05-07,VP Marketing,107,36
44-1827440,Selle,Glasspoole,Female,875-39-7608,1972-02-05,Quality Engineer,104,51
98-1863223,Agata,Erlam,Female,356-94-3492,1997-06-05,GIS Technical Architect,103,26
51-4930709,Madlen,Payle,Female,315-21-0683,1970-12-07,Software Consultant,106,52
18-6285267,Liv,Jouaneton,Female,143-99-8423,1992-05-23,Marketing Assistant,102,31
29-3326072,Aurore,Lutwyche,Female,323-38-0443,1989-01-26,Senior Developer,106,34
61-5291880,Robinet,Ballance,Male,726-24-7009,1977-04-01,Electrical Engineer,101,46
15-0664174,Henrik,Kingcote,Male,642-60-1521,1984-06-07,Administrative Officer,103,39
07-1733261,Kara,Trammel,Female,315-60-3330,1992-10-31,Social Worker,101,31
87-6060522,Mollie,Flanaghan,Female,350-52-9064,1987-12-04,Mechanical Systems Engineer,106,35
51-6678826,Westleigh,De la Feld,Male,809-97-1403,1979-06-05,Operator,102,44
84-6711163,Gwennie,Markie,Genderqueer,442-35-4138,1982-05-09,VP Accounting,104,41
86-6948011,Cos,Cherrett,Male,742-32-3106,1971-05-20,Programmer II,104,52
91-6337930,Vivyan,,Female,790-27-1175,1988-06-25,Professor,102,35
22-8148075,Jard,Fairleigh,Male,453-43-0354,1972-03-17,Dental Hygienist,106,51
22-7243601,Kasper,Galtone,Male,554-29-6274,1994-11-01,Engineer IV,106,29
73-9363659,Kingsley,Leport,Male,344-87-8061,1971-03-19,Librarian,104,
53-0029153,Reinhard,Carlyle,Male,626-48-7261,1981-12-04,Clinical Specialist,104,41
73-6865349,Edik,Jasiak,Male,419-73-3757,2000-02-07,Dental Hygienist,103,23
59-3586198,Marion,Luckhurst,Male,747-22-2694,1996-11-22,Payment Adjustment Coordinator,107,
78-6105189,Josiah,Beacom,Male,738-11-7466,1999-11-20,,107,23
18-4929614,Fran,Woodburne,Female,693-34-5911,1999-11-16,Structural Analysis Engineer,105,23
13-7594742,Milena,Lashford,Female,494-95-7350,1995-04-07,Teacher,104,28
14-7588969,Wood,Stilliard,Male,571-03-2662,2000-04-08,Operator,105,23
50-8819578,Fairleigh,Eckhard,Male,191-01-6373,1995-02-10,Professor,101,28
26-9044831,Adelaide,Siene,Female,597-71-0520,1972-06-16,Budget/Accounting Analyst III,105,51
40-9836213,Clywd,Duffield,Male,803-32-8837,1970-10-08,Engineer II,106,53
51-4599344,Ailina,Bolino,Female,883-45-9551,1991-07-07,Chief Design Engineer,102,32
68-1938313,Ewart,Geane,Male,118-48-5780,2001-12-14,Statistician II,102,21
90-2891822,Cleavland,Aberdeen,Male,703-87-8986,1999-09-21,Automation Specialist I,106,24
79-9160465,Marabel,McGettigan,Female,438-09-9115,1987-05-21,Systems Administrator III,107,36
91-7244710,Vanny,Curnnok,Female,238-66-2090,1981-04-06,Marketing Manager,107,42
79-7557603,Giacinta,Tunder,Female,606-94-4392,2000-12-23,Registered Nurse,104,22
61-0771383,Woody,Petrus,Male,233-37-3806,1996-07-29,Software Engineer III,105,27
24-4520321,Alden,Videneev,Male,722-06-8491,1972-05-24,Programmer IV,101,51
59-5534899,Jorgan,Hulcoop,Male,784-93-3544,1993-10-08,Chief Design Engineer,104,30
06-6205903,Micky,Walas,Male,208-44-3144,1975-05-23,Computer Systems Analyst II,104,48
55-9940941,Levey,Sander,Male,552-34-0067,1984-11-13,Budget/Accounting Analyst III,103,39
93-9150950,Aila,Bowes,Female,273-49-1819,1978-09-14,Associate Professor,104,45
56-2021898,Marina,Stronach,Female,404-23-7228,1979-09-09,Research Nurse,104,44
06-6995394,Aviva,Donaghie,Female,604-87-9043,1994-02-14,Actuary,105,29
66-6588279,Brod,Ciccerale,Male,569-08-6829,1988-11-17,Analyst Programmer,103,34
25-3855712,Jo-ann,McCarlich,Female,768-34-4076,1995-06-22,Staff Scientist,104,28
80-9882277,Konstance,Murrthum,Female,789-63-6793,2001-07-07,GIS Technical Architect,107,22
77-3597085,Bary,Probey,Male,752-74-7866,2000-01-04,Occupational Therapist,107,23
06-6665158,Salvatore,Rivelin,Male,605-45-8948,1989-04-17,VP Marketing,104,34
46-2107318,Carmelita,Boyda,Polygender,339-54-1466,1996-08-05,Nurse Practicioner,105,27
93-8810080,Jacques,Nowak,Male,818-79-2848,1987-03-02,Web Designer IV,105,36
94-1071911,Herby,Matoshin,Male,474-66-0868,1977-01-31,Librarian,104,46
74-9917462,Titos,Criple,Male,663-71-6340,1990-04-25,Health Coach III,104,33
57-4976198,Karlan,Trathen,Male,144-55-6661,1992-06-16,Software Test Engineer IV,102,31
89-5973182,Gerald,Marshallsay,Male,445-65-1484,1976-04-06,Health Coach IV,102,47
64-8982563,Sallyann,Stovold,Female,409-99-3068,1975-11-22,Account Coordinator,107,47
64-5689914,Horton,Asling,Male,719-83-0154,1973-06-07,Technical Writer,102,50
44-4398159,Glendon,Skule,Male,875-71-4630,2001-10-18,Civil Engineer,107,22
58-6619895,Leena,Weatherhogg,Female,165-66-4885,1993-07-01,Assistant Media Planner,101,30
75-4972936,Fanchon,Braybrooke,Female,436-88-2107,1989-05-10,VP Marketing,106,34
73-8381000,Ailsun,Foxall,Female,512-15-3405,1985-03-22,Engineer I,104,38
38-8874179,Creight,O'Doherty,Polygender,566-09-1685,1974-07-06,Legal Assistant,102,49
43-8639115,Carroll,Fleetham,Male,813-58-1956,1970-11-09,Dental Hygienist,102,53
09-3402628,Gwendolyn,Whotton,Female,586-45-9611,1999-12-20,Dental Hygienist,106,23
18-3268313,Brita,Lafferty,,174-40-6080,1996-02-28,Structural Engineer,105,27
32-9683162,Hildegarde,Caplis,Female,190-88-9783,1983-05-14,Legal Assistant,103,40
85-4596922,Saunders,Folker,Male,169-40-0031,1980-03-03,Design Engineer,103,43
44-6232505,Gabie,Hove,Male,202-23-1760,1990-04-26,Human Resources Assistant IV,102,33
08-7627735,Waldon,Rigby,Male,632-65-1749,1972-08-15,Senior Quality Engineer,107,51
92-1817645,Christine,Lacroutz,Female,689-30-5748,1971-09-26,Accounting Assistant I,107,52
54-9530192,See,Bleyman,Male,826-25-9346,1991-06-16,Accounting Assistant II,105,32
47-2797454,Crawford,Jeffreys,Male,262-77-5796,1979-02-17,Help Desk Operator,101,44
65-4167294,Trista,Borkett,Genderqueer,358-39-5058,1988-10-16,Software Consultant,102,35
13-2634883,Nicol,Yelding,Female,357-63-9444,1996-11-14,Associate Professor,101,27
17-6491124,Giraud,Purches,Male,664-58-3018,1996-11-07,Account Representative IV,101,27
40-5127082,Ivette,Tinghill,Female,581-53-5964,1989-08-19,Web Designer I,106,34
36-6190705,Marcello,Hantusch,Male,511-56-0733,1987-07-09,Electrical Engineer,104,36
81-1310673,Gaile,Bembrick,Male,220-61-9257,1986-07-17,Senior Quality Engineer,101,37
36-7106668,Elisabet,Hickinbottom,Female,278-35-6579,1999-05-22,Community Outreach Specialist,103,24
08-8845872,Georgeanne,Littlewood,Female,259-03-7578,2000-09-09,Account Representative I,105,23
75-3347165,Kyle,Cheyenne,Male,822-89-5619,2000-11-14,Senior Quality Engineer,106,22
18-1325014,Mauricio,Britee,Male,618-91-1872,1987-04-05,Technical Writer,105,36
86-0684754,Whit,Meegan,Male,324-11-6059,1994-01-04,VP Marketing,106,29
02-4536644,Doralia,Codron,Female,556-75-5836,1982-02-19,Structural Engineer,102,41
73-4431443,Wain,Skeete,Male,505-51-8975,1983-08-03,Financial Advisor,103,40
29-1800241,Karly,Logue,Female,109-70-3864,1999-09-22,Physical Therapy Assistant,107,24
52-8334481,Drona,Petcher,Female,612-55-0591,1970-01-22,Help Desk Technician,103,53
02-5427722,Baxy,Farndell,Genderfluid,124-96-8132,1988-06-05,Programmer Analyst I,107,
04-4370956,Freddie,Pinniger,Male,880-38-1886,1993-02-04,Recruiter,105,30
66-0573040,Thadeus,Izat,Male,154-30-8367,1977-05-04,Help Desk Technician,104,46
76-3788573,Otis,Kuhnhardt,Male,518-15-9218,1994-04-13,Senior Sales Associate,103,29
51-4223499,Isa,Heinzel,Female,767-39-0282,2000-09-15,Research Nurse,102,23
00-8190274,Ilsa,Ulyatt,Female,159-18-5843,1970-08-29,Staff Scientist,103,53
60-5607203,Yurik,Leijs,Male,826-83-8298,1979-06-03,Statistician I,102,44
61-6811324,Anson,Nassy,Male,223-39-3825,2000-02-17,Research Assistant II,102,23
53-1405847,Sidnee,Cicconettii,Male,463-85-9000,1977-10-10,Senior Financial Analyst,104,46
91-2420894,Doroteya,Spary,Female,309-12-0423,1985-10-31,Financial Advisor,101,38
54-6526032,Blanche,Sholem,Female,773-29-3114,1979-05-26,Paralegal,103,44
03-6578146,Seana,Wynch,Female,510-65-8584,1987-04-11,Help Desk Technician,105,36
99-9177149,Cheryl,Scardifeild,Female,177-78-7074,1989-03-10,Staff Scientist,107,34
05-2380408,Siffre,Aiken,Male,823-96-2001,1998-10-26,Design Engineer,103,25
20-2148472,Ricardo,Dougal,Male,634-15-1458,1996-02-09,Business Systems Development Analyst,102,27
55-7002578,Jackqueline,Mulvihill,Female,441-71-3053,1985-02-21,Environmental Specialist,104,38
82-6656666,Marvin,Chieze,Male,213-26-2565,1971-01-09,Social Worker,104,52
83-8377849,Sonny,Seifenmacher,Male,702-19-6175,1990-08-24,Programmer IV,104,33
90-0901184,Merv,Rosier,Male,386-45-9493,1994-08-02,Product Engineer,106,29
30-7319342,Abrahan,Cauderlie,Male,830-74-0068,1972-04-30,Business Systems Development Analyst,102,51
18-4657693,Viole,Druitt,Female,605-43-0461,1977-12-18,Web Developer IV,101,45
81-6651964,Isabella,Oldacres,Female,140-21-8115,1993-01-18,Internal Auditor,105,30
26-4243462,Elset,Vardy,Female,448-24-3348,1970-08-29,Staff Scientist,103,53
56-9676538,,Shaxby,Female,257-46-2311,1992-09-04,Chemical Engineer,106,31
34-9642334,Joan,Yorston,Female,839-23-6066,1981-12-06,Account Executive,104,41
64-6063685,Jerrine,Malthouse,Female,304-54-7730,1990-02-20,Community Outreach Specialist,103,33
19-2161613,Jami,Cadogan,Bigender,801-24-2845,1999-12-19,Social Worker,103,23
57-5286403,Tom,,Male,241-04-2086,1993-06-21,Financial Analyst,105,30
37-7643756,Tanya,Matthiesen,Female,500-42-4698,1980-07-09,Director of Sales,105,43
86-6352758,Celestyna,Base,Female,866-52-2408,1981-06-10,Registered Nurse,105,42
00-3155074,Gibb,Welfair,Male,305-38-3682,1991-08-03,Project Manager,107,32
36-9595914,Trueman,Cathro,Male,241-33-9613,1984-12-02,Sales Associate,102,38
78-6272917,Mame,Ciccoloi,Female,244-49-5150,1975-03-07,Social Worker,105,48
46-9029156,Mildrid,Dresse,Female,343-91-2458,1994-01-05,Geological Engineer,103,29
28-2231616,Vivianna,Assandri,Female,641-65-3645,1993-07-16,Structural Engineer,107,
98-1233335,Matilde,Markl,Genderqueer,458-66-0643,1996-02-18,VP Sales,107,27
50-8454566,Celia,Balfe,Female,752-91-1157,1994-04-28,Geologist III,107,29
86-0721951,Shaylyn,Pasterfield,Female,470-57-4093,1995-09-12,Analyst Programmer,107,28
94-2435261,Perren,Moyers,Male,641-07-9178,1982-02-03,Structural Analysis Engineer,106,41
71-8124643,Arleen,Sailor,Female,534-04-4706,1970-12-19,Staff Scientist,105,52
85-2262369,Correy,Pitford,Genderqueer,202-37-2105,1983-08-16,Systems Administrator I,107,40
26-3282230,Thibaud,MacAnelley,Male,613-50-8774,1994-02-14,Structural Engineer,106,29
16-8271480,Silvio,Papa,Genderfluid,310-79-3628,1992-03-31,Help Desk Technician,106,
75-3994362,Reuben,Vitet,Male,771-97-0780,1980-09-29,Teacher,105,43
95-9902083,Ina,Saunier,Female,818-17-3893,1973-07-03,Staff Accountant IV,107,50
02-1772397,Tabby,Swyne,Male,241-77-1264,1988-08-20,Sales Representative,104,35
55-8737029,Jewell,Sedgebeer,Non-binary,770-39-9856,1999-01-16,Programmer III,105,24
84-6850257,Wit,Leckey,Male,438-79-9418,1990-06-06,Account Representative IV,101,33
27-1922491,Cull,Echallier,Male,321-27-0110,1997-03-10,Nurse,106,26
61-2396455,Franciska,Mark,Female,251-51-5000,1987-01-15,Senior Developer,105,36
66-3899072,Gregor,Kubik,Male,625-88-7323,1977-01-15,Administrative Assistant III,101,
34-3225010,Seth,Tommei,Genderfluid,857-21-2086,1988-11-13,Social Worker,104,35
11-1054988,Fields,Popping,Male,431-94-7535,1982-02-10,Business Systems Development Analyst,106,41
14-5454161,Ertha,Spoward,Female,340-03-3344,1986-08-26,Analyst Programmer,103,37
16-8939914,Fernando,Boulton,Male,521-33-4515,1975-10-29,Recruiter,104,48
26-7751796,Marian,Silcocks,Female,515-77-6035,1994-01-08,Occupational Therapist,101,29
48-9065948,Katharine,Durden,Genderfluid,538-77-6713,1996-10-26,Safety Technician III,106,27
70-4521392,Toby,Hallam,Female,639-26-9971,1995-08-26,Statistician II,104,28
40-0665905,Norrie,Strangman,Female,686-85-8946,1980-12-01,Assistant Professor,107,42
89-6024164,Fallon,Vaud,Female,623-72-0537,1990-12-21,Registered Nurse,107,32
71-9402749,,Benninger,Female,165-11-6398,1976-11-11,Community Outreach Specialist,101,47
47-6419363,Solomon,Chellam,Male,733-97-2523,1971-05-11,Technical Writer,101,52
45-1374319,Chloette,Dilliston,Female,832-08-3669,1973-04-16,Community Outreach Specialist,103,50
35-1820695,Samantha,Hessing,Female,346-08-6966,1978-10-28,Staff Scientist,104,45
00-4725175,Normy,Heliar,Male,309-88-9643,1972-03-08,Assistant Media Planner,101,51
53-5203485,Lethia,Lowsely,Female,416-35-9527,2001-11-03,Developer II,106,22
96-7021450,Kiley,Pillifant,Male,411-28-9939,1998-10-15,Accounting Assistant IV,105,25
83-7509300,Reinwald,Packington,Male,734-82-5068,2001-05-01,Senior Sales Associate,101,22
41-7452481,Bengt,Rosenfelder,Male,860-35-6948,1977-01-26,Graphic Designer,105,46
71-9745340,Angil,Matushenko,Female,545-39-1130,1991-02-22,Help Desk Technician,103,32
76-0850753,Ric,Connerly,Male,471-56-6277,1993-10-20,Teacher,105,30
35-2727586,Marvin,Cordsen,Male,602-13-9347,1975-01-03,Administrative Officer,104,48
18-3086260,Taite,Pinxton,Non-binary,789-61-9483,1989-12-11,Food Chemist,101,33
59-7115270,Dex,Coldbreath,Male,224-17-7318,1988-01-02,Sales Associate,103,35
22-4296010,Nancie,Bronger,Female,663-23-8744,1990-11-14,Staff Accountant II,103,33
91-8523523,Jeana,Darrell,Bigender,430-46-2583,1989-11-14,Teacher,104,34
40-0191516,Warner,Hammond,Male,230-29-2288,1986-12-18,Food Chemist,107,36
84-8506000,Bertha,Inmett,,629-43-8355,1976-06-16,Marketing Manager,106,47
80-4140155,Rouvin,Vernau,Genderqueer,877-30-5977,1994-09-28,Assistant Professor,101,29
97-2708364,Wilbert,Cornils,Male,554-52-1621,1994-09-03,Computer Systems Analyst II,105,29
60-1816685,Lorrin,Gerhardt,Non-binary,424-56-8474,1972-03-22,Mechanical Systems Engineer,107,51
23-5289352,Smith,Mason,Male,864-53-6243,1981-08-23,Nurse,107,42
86-9814876,Nani,Brolly,Female,835-13-9255,1998-06-08,Assistant Media Planner,105,25
05-6363950,Julio,Lujan,Male,249-77-5449,1970-05-25,Teacher,101,53
84-7237627,Alvira,Relton,Female,822-14-6928,1977-09-30,,106,46
12-3665304,Caitrin,Alpe,Female,831-73-7361,1983-11-05,Senior Financial Analyst,104,40
77-5264398,Marlane,Fussie,Female,585-94-4586,1998-05-17,Programmer I,105,25
46-3257424,Randall,Kures,Male,834-50-3615,1989-07-21,Software Test Engineer IV,101,34
18-9999335,Sharity,Reame,Non-binary,852-90-3042,1986-12-19,Nuclear Power Engineer,101,36
19-3294914,Aube,Fairhall,Male,465-39-0884,2000-07-11,Chemical Engineer,107,23
07-3118320,Nissa,Reihm,Female,444-90-7626,2000-10-17,Budget/Accounting Analyst IV,102,23
79-8655525,Humfrey,de Pinna,,808-96-5566,1978-10-06,Senior Financial Analyst,106,
78-8847079,Nada,Gilliard,Female,744-77-2750,1986-04-05,Web Developer III,106,37
88-1938501,Pasquale,Hamsher,Male,121-93-8551,1990-10-20,Systems Administrator I,104,33
13-3663364,Ethelred,Brogini,Male,489-41-1472,1992-04-29,Operator,101,31
14-9087170,Antonino,Gallehawk,Male,255-89-5056,1994-11-13,Research Associate,102,29
52-3140493,Clayson,Larkin,Male,366-83-1912,1978-03-30,Geologist II,102,45
83-3830753,Joycelin,Madre,Female,608-09-1190,1977-03-05,Staff Accountant II,103,46
14-9209773,Howard,Bullene,Male,470-07-4020,1989-11-21,Chemical Engineer,104,33
42-7821605,Egbert,Ortell,Male,880-67-7899,1984-07-25,Senior Financial Analyst,102,39
73-7408290,Angeli,Arderne,Male,278-99-1010,1983-05-06,Computer Systems Analyst II,104,40
39-4279891,Gradeigh,Sodeau,Male,236-82-3340,1986-02-18,Marketing Assistant,106,37
62-2462401,Hendrika,Dureden,Female,545-59-3038,1990-02-22,Office Assistant III,105,33
98-7222858,Henrie,Drakes,Female,324-88-4251,1987-09-20,Statistician III,103,36
51-3169256,Forrest,Tregunna,Male,332-41-8404,1983-04-18,Tax Accountant,106,40
61-8596109,Cristina,Paulson,Non-binary,780-85-5533,1988-05-07,Data Coordinator,102,35
42-0501653,Quintilla,Minichillo,Female,467-27-1750,1982-04-17,Accounting Assistant IV,106,41
77-2912512,Aylmer,Petrozzi,Male,869-15-9388,1992-07-23,Associate Professor,102,31
32-0618862,Georas,Bisacre,Male,135-14-3732,1982-12-02,Speech Pathologist,104,40
42-6110788,Fernandina,Akid,Female,230-90-5246,1993-07-05,Payment Adjustment Coordinator,106,30
01-1171598,Dieter,Kibblewhite,Male,216-72-2560,1982-05-25,Geologist I,104,41
54-5767084,Dasi,Bottjer,Female,328-95-7405,1988-11-07,Nurse,106,35
04-2494430,Quentin,Ingolotti,Male,540-99-8395,1981-01-07,Office Assistant III,101,42
49-5598020,Kari,Skerman,Female,543-46-6989,1989-01-06,Compensation Analyst,106,34
55-8733614,Shari,Warmisham,Female,686-20-3421,1997-01-19,Database Administrator II,106,26
06-2487284,Had,,Male,311-41-4557,1971-09-18,Research Nurse,101,52
11-2379479,Abbey,Ansell,Female,142-91-1780,1973-08-28,Actuary,105,50
29-1054950,Sigfried,Airlie,Male,892-50-5052,1979-08-06,Structural Analysis Engineer,104,44
55-8237930,Farrand,Dosdell,Female,651-35-3757,1998-02-28,Senior Quality Engineer,107,25
75-7148848,Hal,Crutchley,Male,347-61-0533,1988-03-06,Technical Writer,101,35
39-9382457,Mersey,Perrin,Genderqueer,129-96-1139,1985-10-04,Structural Analysis Engineer,106,38
64-9356566,Edy,Adolphine,Female,142-13-1930,1988-07-11,Analyst Programmer,106,35
32-5377594,Guthry,Growcock,Male,839-12-2074,1992-06-17,Software Engineer II,104,31
44-6363647,Robenia,Wilacot,Female,120-83-5336,1976-02-18,Executive Secretary,107,47
94-1603174,Wilie,Wigelsworth,Female,224-21-4525,2000-01-06,Web Designer I,102,23
73-6867957,Meggie,Josef,Agender,254-45-7962,1993-01-08,Software Test Engineer III,101,30
04-3526744,Amity,Cuseck,Female,802-74-0351,1975-04-28,Professor,103,48
69-2932992,Thadeus,Verlander,Male,402-12-1922,1973-07-08,Senior Developer,104,50
78-0191875,Teodorico,Bantham,Male,483-91-7673,1986-02-02,Professor,107,37
57-6353470,Weylin,Digger,Male,390-23-7904,1999-11-26,,106,23
59-3080929,Chevy,MacAnelley,Male,150-69-5253,1997-06-07,Graphic Designer,104,26
10-6062589,Min,,,637-39-6035,1979-08-12,Compensation Analyst,107,44
61-3846087,Tyler,Beddin,Male,508-70-4444,1978-03-29,Social Worker,103,45
20-5249421,Imogene,Giraldo,Female,185-58-4310,1985-02-05,Computer Systems Analyst II,102,38
64-1193195,Gabriel,Prangle,Female,345-92-0951,1987-02-12,Nuclear Power Engineer,101,36
01-4776650,Hadlee,Richardson,Male,168-92-5599,1997-01-11,Executive Secretary,107,26
44-4501993,Carter,Sproul,Male,625-89-0424,1984-09-07,Sales Representative,107,39
20-1765836,Kincaid,Carberry,Male,535-56-0830,1974-07-14,Accountant I,106,49
75-4902635,Shanan,Cornely,Male,213-25-7713,1985-03-26,Information Systems Manager,105,38
95-8458836,Bax,Pinn,Male,439-34-3607,1991-09-20,Graphic Designer,106,32
20-6431292,,Theml,Female,210-81-0525,1971-01-09,Software Engineer II,105,52
40-0367873,Morse,Dybell,Male,421-71-9657,1993-09-18,Electrical Engineer,104,30
90-1883239,Clerkclaude,Kennham,,640-81-1927,1984-06-24,Recruiter,101,39
05-6225180,,Hurren,Genderfluid,365-28-0534,1976-10-14,Sales Associate,103,47
84-6410721,Cecily,Conradie,Female,415-52-7729,1980-03-28,Analyst Programmer,107,43
76-5952074,Monty,Tomek,Male,384-05-3300,1994-09-02,Graphic Designer,104,29
98-5811239,Minni,Gilders,Non-binary,267-33-6897,1977-06-03,Recruiter,102,46
48-6003075,Cherilyn,Giral,Female,899-59-5967,1982-10-21,Geologist III,102,41
27-1541565,Fifi,Selwyne,,105-30-5197,1983-02-18,VP Marketing,105,40
22-9111363,Lindsay,Willingale,Male,648-50-0880,1981-11-20,Automation Specialist I,103,41
24-9452943,Mozelle,Harsent,Female,498-90-4955,1974-01-31,GIS Technical Architect,104,49
06-1943432,Barnie,Tristram,Male,346-87-7248,1986-12-07,Paralegal,107,36
47-8956608,Christean,Mylchreest,Female,170-78-8616,1987-01-13,Editor,106,36
67-3734372,Ferguson,Kopp,Male,393-21-2731,1984-09-20,Assistant Professor,102,39
59-1809691,Norbie,Ellesworthe,Male,718-50-2702,1971-12-12,Accountant III,101,51
73-5507655,Nikola,Stokes,Male,165-06-9370,1998-12-11,Information Systems Manager,104,24
33-3151343,Kattie,Sebrook,Genderqueer,301-63-0031,1975-03-21,Nurse Practicioner,102,48
93-1290732,Leigha,Filchakov,,539-20-1634,1980-03-28,Junior Executive,105,43
18-0055161,Jaime,Allain,Female,399-13-5444,1988-07-29,Cost Accountant,104,35
00-1810227,Royce,Pavkovic,Male,329-28-4093,1998-05-04,Clinical Specialist,103,25
02-7811677,Gibb,Dampney,Male,279-53-8086,1984-07-10,General Manager,107,39
11-2962626,Sibylla,Dochon,Female,236-94-3122,1973-05-06,Structural Engineer,105,50
97-7764944,Ramona,Chalkly,Female,296-16-5381,1978-08-01,Database Administrator III,105,45
74-6108383,Cassy,Beckey,Female,335-49-7354,1980-05-15,Health Coach II,103,43
87-5738515,Pinchas,Wilcott,Male,713-41-1486,1970-09-24,Clinical Specialist,101,53
10-2187323,Jamil,Hazard,Male,490-13-3115,1988-12-24,Programmer Analyst IV,104,34
99-9335857,Llewellyn,Kleinplac,Male,824-28-2493,1971-06-02,Engineer II,105,52
39-3809948,Greta,Pagel,Female,304-56-8810,1994-08-03,Product Engineer,102,29
54-0829799,Hilda,Buffery,Female,798-77-4964,1998-09-27,Tax Accountant,103,25
97-5847701,Claudio,Lethcoe,Male,477-53-3903,1997-02-03,Account Executive,104,26
58-3738762,Nicholas,Ballingal,Male,842-51-5633,1982-09-21,Accounting Assistant II,101,41
82-8736596,Queenie,Danilyuk,Female,532-70-9725,1984-12-25,Executive Secretary,107,38
11-5388585,Bennett,Cescoti,Male,313-60-0489,1995-04-04,Tax Accountant,102,28
95-5279934,Padget,Winslett,Male,213-70-7311,1993-06-02,,106,30
85-2911994,Laurene,Fricker,Female,236-15-5439,1986-06-12,Data Coordinator,103,37
91-6908177,Collen,Heliot,Female,455-64-3469,1973-07-02,Clinical Specialist,107,50
23-7602977,Audra,Japp,Polygender,732-04-5793,1971-02-25,Recruiting Manager,103,52
74-4881973,Saleem,Albrooke,Male,615-94-4008,1979-04-24,Sales Representative,106,44
94-5051068,Zebulen,Popeley,Male,509-23-3180,1979-10-17,VP Product Management,106,44
16-2294538,Isiahi,Maso,Male,668-55-5038,1999-03-13,Marketing Assistant,105,24
11-3918069,Ilsa,Chaldecott,,443-60-5937,1970-04-28,Nuclear Power Engineer,102,53
19-4834101,Tobe,Trahair,Non-binary,884-23-1404,2001-10-04,Administrative Assistant I,107,22
81-4495697,Bertie,Takle,Male,438-17-4377,1981-04-16,Project Manager,105,42
80-8389234,Elsi,Henstone,Bigender,586-74-9958,1976-03-11,Human Resources Manager,104,47
60-3036081,Thom,Florey,Male,391-04-5842,1991-11-28,Data Coordinator,104,31
62-8606689,Adrea,Painswick,Female,511-84-7499,1994-06-27,Tax Accountant,105,29
20-2585433,Justina,Wildbore,Female,341-30-2321,1995-11-08,Media Manager I,103,28
15-9152397,Early,Youhill,Male,208-88-8837,1997-11-06,Statistician I,104,26
12-3850982,Karil,Shimoni,Female,438-16-3120,1980-03-19,Geologist I,107,43
11-6656693,Gilemette,Fergyson,Female,623-03-8823,1995-06-02,VP Product Management,105,28
49-9132823,Boonie,Scholte,Genderqueer,659-37-6076,1978-09-30,Professor,105,45
62-7493874,Ilka,Turbayne,Genderfluid,829-87-9212,1974-03-05,Account Representative II,103,49
41-9909634,Julietta,Blaney,Female,324-17-9843,1997-10-22,Tax Accountant,104,26
34-5483926,Terry,Schrinel,Male,241-61-1648,1992-10-22,Financial Advisor,107,31
98-0426881,Ansell,Oak,Male,150-10-8265,1997-02-21,Tax Accountant,106,26
60-7461515,Lukas,Dimitru,Male,886-99-2242,2000-11-20,Executive Secretary,106,22
07-7033861,Reggi,Curston,Female,404-40-1152,1982-04-18,Office Assistant IV,104,41
05-3050908,Daryn,Sancho,Female,753-56-1884,1992-03-12,Senior Sales Associate,104,31
14-7239792,Elana,Buzzing,Female,547-05-4941,1977-10-10,Graphic Designer,104,46
93-6041252,Carmen,McBeith,Female,113-46-6591,1976-07-16,Editor,104,47
10-4388640,Edan,Moat,Male,339-89-1421,1997-07-19,Cost Accountant,105,26
67-7035344,Randal,Bazylets,Male,455-37-7819,1971-07-22,Recruiting Manager,101,52
88-3878847,Twila,Starling,Female,689-29-3718,1995-07-05,Software Engineer I,104,28
99-9509695,Ruthanne,Doe,Female,872-52-8474,1999-06-08,Speech Pathologist,105,24
35-0714272,Kerrie,Martineau,Female,193-05-1381,2000-01-11,Quality Control Specialist,105,
78-0057558,Mose,Rew,Male,573-07-3917,1979-12-29,Senior Developer,107,43
84-6792246,Gwen,Waters,Female,494-81-0959,1998-11-21,Desktop Support Technician,101,24
98-1373251,Ysabel,Danovich,Female,392-88-5315,2001-03-15,Research Assistant IV,102,22
14-2906798,Alisun,Norwell,Female,531-23-8259,1988-02-10,Biostatistician II,107,35
91-4735033,Romola,Stanmer,Female,618-09-9825,2001-05-22,Account Coordinator,102,22
15-6163639,Sam,Buckel,Female,440-76-2752,2000-07-29,Engineer III,105,23
60-2338870,Daren,Moss,Male,522-58-7019,1972-04-27,Recruiter,105,51
86-3734801,Welbie,Waye,Male,350-54-4149,2000-08-25,Quality Engineer,107,23
30-6022716,Carmella,Sprade,Female,262-20-1252,1994-09-30,Analyst Programmer,106,29
48-3327001,Patricia,Antonovic,Polygender,287-28-5454,1990-11-29,,104,32
78-5338461,Isadora,Renton,Female,111-20-4895,1971-01-02,Engineer I,103,52
02-2825464,,Attwoul,Female,561-15-1970,2000-09-11,Project Manager,104,23
23-3148076,Constantino,Cowl,Male,483-49-2137,1993-06-20,Developer II,103,30
79-9211766,Vinita,Barkley,Female,490-45-8610,1993-05-21,Help Desk Operator,101,30
90-1538103,Lorraine,Ludvigsen,Female,182-06-8203,1987-02-25,Professor,102,36
51-4566464,Greggory,Wyer,Male,610-04-8816,1970-08-13,Computer Systems Analyst III,102,
27-4757913,Quentin,Levee,Male,860-98-2441,1990-03-25,Geological Engineer,104,33
08-8385121,Milt,Cherrison,Male,305-46-3709,1982-10-01,Editor,104,41
92-8843442,Bathsheba,Critchlow,Female,802-98-1970,1974-04-16,Physical Therapy Assistant,104,49
48-5792006,Dayle,Goldby,Female,763-91-2516,1975-11-21,Librarian,107,48
12-9443781,Juliette,Gippes,Female,682-14-8086,1983-12-15,Teacher,101,39
00-5818652,Olag,Hughlock,Male,529-04-9434,1975-02-21,Software Engineer I,103,48
92-4812149,Rolfe,Malloch,Male,110-63-8622,1978-06-17,Payment Adjustment Coordinator,105,45
42-5066770,Adolpho,Pauncefoot,Male,778-11-1802,1976-09-19,Automation Specialist IV,102,47
52-5672770,Lev,Knibbs,Male,213-47-1279,1987-09-11,Quality Control Specialist,105,36
61-0615152,Elton,Estabrook,Male,582-70-1064,1997-11-22,Software Engineer III,103,25
38-5863988,Alexandrina,Raulston,Non-binary,713-71-7038,1989-04-11,Engineer III,107,
20-7332856,Nona,Cowlishaw,Female,364-10-9944,1980-04-19,Payment Adjustment Coordinator,103,
05-8400081,Prince,Naseby,Male,773-99-1917,1986-04-02,Graphic Designer,103,37
76-9666785,Fin,,Male,424-72-2060,1986-01-15,Software Engineer IV,104,37
11-7595625,Kelby,Ryal,Male,845-71-3089,1974-03-26,Nurse,106,49
00-1373955,Oliviero,Dorwood,Male,448-09-4008,1998-05-20,Sales Associate,104,25
48-5667739,Amye,Bravington,Female,170-05-0566,1989-02-05,Health Coach II,101,34
23-7990275,Lothaire,Chastenet,Male,529-90-3674,1973-01-02,Editor,106,50
38-7473466,Ella,Dimitriou,Female,135-16-5841,1989-02-17,Payment Adjustment Coordinator,101,34
46-0207907,Cyndie,Jeram,Female,824-55-0451,1974-04-12,Database Administrator I,104,
63-9538101,Yolane,Maffeo,Female,651-68-6540,1970-04-08,Accounting Assistant IV,103,53
73-3620050,Valencia,Credland,Female,834-11-6987,1974-04-09,Software Engineer III,104,49
40-6284491,Stacie,Taw,Female,279-23-1865,1987-08-28,Data Coordinator,105,36
47-8635158,Hyatt,Birt,Male,674-37-7162,1975-08-27,Social Worker,107,48
95-2048151,Skyler,,Male,795-82-2622,1997-02-21,General Manager,105,26
15-5193240,Sergei,Larmuth,Bigender,268-14-6235,2001-05-15,Physical Therapy Assistant,101,22
26-1647935,Row,Digginson,Female,871-13-7495,1999-01-16,Computer Systems Analyst II,106,24
01-0237326,Teddy,Jaqueminet,Female,874-18-9390,1999-10-16,VP Accounting,101,24
51-7072575,Paxon,Rawlins,Male,257-38-1677,1999-04-11,Operator,102,24
24-1636595,Cyndia,Barwise,Female,156-62-7729,1975-01-22,Technical Writer,101,48
47-7172739,Boonie,Spenceley,Male,857-38-0856,1973-04-22,Analog Circuit Design manager,103,50
98-7999586,Dall,Seatter,Male,703-15-5151,1974-05-26,Help Desk Operator,103,49
97-4253868,Elaina,Von Brook,Female,463-94-6049,1992-09-13,Senior Sales Associate,101,31
83-4423005,Kiley,Letford,Female,141-53-6159,1980-12-10,Sales Associate,106,42
83-6408179,Franz,Fields,Male,170-74-2822,1973-09-09,Analyst Programmer,106,50
15-9711483,Georgine,Clempton,Female,328-82-7497,1972-03-17,Junior Executive,105,51
84-7120363,Clim,Dutnall,Male,724-61-7352,1994-02-28,Staff Scientist,107,29
46-3293366,Cornell,Lejeune,Bigender,347-50-0267,1993-11-21,Electrical Engineer,103,29
39-1299101,Foster,Joselevitz,Male,744-96-8563,1971-07-23,Account Coordinator,101,52
44-2278109,Gaelan,Nerney,Male,632-63-6431,1975-06-28,Research Nurse,102,48
64-5065207,Konrad,Rubartelli,Male,340-37-1241,1972-12-05,Help Desk Technician,105,50
62-3346295,Nahum,Storror,Male,293-61-2488,1972-02-20,Analog Circuit Design manager,105,51
86-3490742,Francyne,Stannislawski,Female,687-39-4364,1979-06-06,Design Engineer,102,44
71-7972372,Darell,Kensit,Female,819-61-1152,1972-05-04,Sales Associate,105,51
54-1516362,Trevor,McJury,Male,556-99-7627,2000-10-31,Clinical Specialist,101,23
23-7823167,Edy,Kettle,Female,835-72-8583,1990-07-27,Mechanical Systems Engineer,105,33
38-8891110,Octavius,Sacco,Male,670-13-6548,1978-06-01,Clinical Specialist,106,45
25-3104375,Rozelle,Christene,Female,556-03-0456,1989-12-17,Legal Assistant,104,33
00-5107768,Yves,Sussex,Male,439-37-9555,1991-04-09,Assistant Professor,102,32
68-3652021,Beaufort,Yushachkov,Male,517-03-1652,1999-07-19,Senior Quality Engineer,105,24
53-7131360,,Shepherdson,Male,115-13-6344,1984-12-03,Marketing Manager,103,38
35-6176630,Tiphany,Warsop,Female,219-33-0609,1999-07-23,Geologist II,107,24
79-2898025,Lona,Shawcroft,Female,269-42-3751,1970-05-01,Teacher,104,
09-3439654,Karola,Vearnals,Female,705-55-1076,1979-10-25,Account Representative III,107,44
57-3677687,Juliet,Kelshaw,Female,335-63-5466,1991-12-15,Accountant I,105,31
42-1989364,Willard,Sitlington,Male,531-28-5146,1995-12-10,Senior Editor,102,27
93-1596166,Roman,Purchase,Male,110-41-3301,1990-12-07,Account Executive,103,32
84-8313812,Raquela,McCritchie,Female,523-73-6632,2001-01-31,VP Accounting,103,22
45-2503381,Victor,Barton,Male,408-96-8473,1990-07-01,Internal Auditor,103,33
53-4448424,Winslow,Fosten,Male,116-67-6977,1984-07-14,Staff Accountant II,102,39
61-6924228,Delmor,Corradi,Male,870-35-1685,1982-01-06,Financial Analyst,107,41
91-4481993,Aurel,Rosetti,Female,132-81-2165,1977-04-13,Business Systems Development Analyst,101,46
86-5519844,Haleigh,Geare,Male,376-05-5792,1982-03-03,Financial Analyst,102,41
71-2542234,Chelsie,Tomblett,Female,895-38-0852,1971-12-03,Data Coordinator,104,51
07-7844472,Terrye,Loyd,Female,591-73-9721,1985-08-16,Automation Specialist IV,104,38
74-3013272,Honoria,Spraggon,,403-27-1818,1982-08-03,Analog Circuit Design manager,105,41
27-9961745,Merrilee,Lukas,Polygender,652-36-2896,2000-11-01,Developer IV,105,
24-1293588,Kai,Rixon,Bigender,307-65-3980,1970-08-10,Research Associate,101,53
99-0462095,Gallagher,Woolbrook,Male,675-56-7753,1988-02-17,Professor,107,35
00-0264691,Leontyne,Skelhorn,Female,311-70-1038,1996-04-14,Executive Secretary,103,27
23-6073847,Free,Riddle,Male,532-05-1953,1978-09-08,Web Developer I,103,45
22-3964669,Marianna,Learoid,Bigender,554-80-1447,1973-08-29,Sales Associate,106,50
31-1166816,Clarence,Messier,Male,535-22-7273,1994-09-25,Operator,105,29
07-2082747,Joyce,Lermouth,Female,565-49-6703,1994-02-03,Web Developer II,102,29
47-1003397,Gearard,Ebhardt,Male,491-27-3749,1989-10-15,Assistant Professor,103,34
90-4638024,Vale,McMeeking,Agender,184-85-3711,1989-12-08,Social Worker,106,33
77-1359863,Imojean,Robbel,Female,272-87-7281,1998-06-26,Senior Quality Engineer,107,25
55-0217646,Danya,Rebanks,Female,683-26-2678,1985-02-26,Senior Sales Associate,106,38
74-2992097,Andrey,Knappitt,Male,574-80-7275,1983-06-10,Senior Quality Engineer,104,
34-6294115,,Dollar,Female,302-60-4685,1988-11-19,Structural Engineer,107,34
93-7890599,Ferrel,McGettrick,Bigender,860-14-6452,1986-01-23,Financial Analyst,104,37
02-3730418,Jannelle,Potzold,Female,854-97-4060,1977-07-31,VP Sales,101,46
16-8940760,Morie,Queyos,Male,311-53-5940,1974-02-27,Software Test Engineer II,101,49
21-9539716,,Haughey,Female,864-20-4844,1982-02-10,Accountant III,103,41
77-8153315,Althea,Dabes,Female,608-81-9708,1984-07-01,Paralegal,103,39
61-9302114,Genevra,Sergeant,Female,241-57-9095,1992-03-23,Business Systems Development Analyst,101,31
10-5348854,Cleavland,Silverlock,Male,150-90-8975,1995-05-26,Senior Financial Analyst,102,28
26-3046984,Moll,Lapish,Female,237-60-8835,1985-04-25,Systems Administrator IV,106,38
55-7347546,Kamila,Walch,Female,363-03-7040,1972-04-09,VP Marketing,102,51
88-6560792,Anneliese,Farens,Female,494-81-5595,1978-08-02,Legal Assistant,104,45
11-9268756,Hatti,Flode,Female,455-11-2915,1992-06-15,Cost Accountant,106,31
44-7904128,Katharina,Lie,Female,352-66-4720,1973-01-12,Web Developer III,101,50
29-7599387,Annemarie,Matresse,Female,170-90-1129,1983-04-09,Health Coach II,105,40
15-3016951,Datha,Ebbutt,Female,354-83-4506,1988-08-28,Product Engineer,102,35
77-9944443,Evie,Janosevic,Female,864-03-5804,2001-11-27,Dental Hygienist,103,
96-7678719,Lettie,Acome,Female,155-29-0666,1996-09-22,Design Engineer,101,27
51-1160359,Thatch,Chaunce,Male,842-62-1939,1992-04-27,VP Marketing,106,31
32-1982709,Rosy,Formoy,Female,500-93-1221,1983-12-07,Business Systems Development Analyst,105,
00-6384418,Barbie,Leader,Female,324-21-6362,1999-12-27,Analog Circuit Design manager,107,23
49-0026742,Conny,Kimberly,Female,599-98-1283,1970-02-16,Clinical Specialist,105,53
96-3318661,Irena,O' Lone,Female,119-75-7648,1995-11-11,Nurse Practicioner,102,28
59-1258741,Kingston,Reggiani,Male,672-53-9518,2000-04-10,Human Resources Manager,107,23
59-2498420,Rafa,Smedmoor,Female,410-60-6865,1999-04-20,VP Quality Control,104,24
64-8505963,Kelsey,,Male,425-74-6185,1990-05-07,Senior Developer,105,33
28-0944707,Bary,,Male,475-59-2133,1974-05-25,Budget/Accounting Analyst IV,102,49
03-4711277,Fred,Barlace,Female,872-76-6959,1997-07-20,Computer Systems Analyst III,101,26
38-4273941,Yolane,Onslow,Female,309-32-4249,1984-09-17,Human Resources Manager,107,39
89-3471035,Cherry,Erickson,Female,707-36-3872,1999-12-22,Graphic Designer,104,23
08-4858935,Marten,Alloway,Male,507-54-8525,1990-01-20,Account Representative II,107,33
74-3754277,Justine,Manueau,Female,641-53-0605,1988-09-29,VP Accounting,103,
05-1997863,Nancey,Thyer,Female,852-11-0073,1983-04-01,Financial Analyst,105,40
79-7857169,Ardeen,Woolmington,Female,605-86-8323,1995-03-14,Internal Auditor,102,28
74-7068384,Brockie,Boss,Male,749-38-7907,1984-07-17,Account Representative II,107,39
56-5444509,Casper,Pigden,Male,882-38-5288,1989-02-24,VP Accounting,101,34
07-0917362,Tades,Fairholme,Male,304-69-5828,1980-06-18,Senior Developer,104,43
30-9231666,Adina,Klishin,Female,182-30-6523,1981-03-01,Physical Therapy Assistant,103,42
14-1205211,Melanie,Tesh,Polygender,791-82-0085,1976-11-03,Research Nurse,102,47
60-3365156,Allyce,Lowbridge,Female,140-47-8632,1971-04-17,Data Coordinator,105,52
63-7518086,Verla,Cansdall,Female,739-91-9006,1983-03-05,Assistant Professor,106,40
37-5091512,Wendye,Dampney,Female,395-73-5170,1995-10-21,Product Engineer,103,28
47-6423176,Seward,Howorth,Male,566-31-7328,1987-10-29,Social Worker,104,36
94-2650972,Tome,Dymocke,Male,332-39-2497,1995-03-04,Software Test Engineer III,102,28
63-2486323,Quintilla,Linne,Female,771-47-3125,1986-12-29,General Manager,104,36
34-0833411,Cristabel,Chamberlen,Female,433-73-6663,1986-08-06,Help Desk Technician,105,37
85-6527938,Goldia,Cranefield,Female,343-48-5138,1985-01-07,Chemical Engineer,104,38
04-4483384,Codie,Pendleberry,Male,658-73-7326,1983-10-06,Executive Secretary,103,40
82-2072777,Wanda,Smallman,Female,725-75-5824,1991-07-05,Operator,101,32
70-0182735,Zelig,Castanaga,Male,871-15-3983,1977-06-16,Business Systems Development Analyst,104,46
04-6367902,Domini,Friskey,Female,171-67-8510,1974-09-16,Senior Editor,101,49
34-1475280,My,Mawson,Male,768-20-0879,1976-11-11,Geological Engineer,101,47
35-2077664,Cthrine,Battle,Female,505-22-4971,1995-09-10,Civil Engineer,104,28
50-5678690,Haley,Bayfield,Female,153-55-1235,1981-10-16,Graphic Designer,103,42
01-6050362,Goldie,Wellstood,Female,571-04-2335,1986-03-26,Structural Analysis Engineer,105,37
30-9579132,Maxi,Waters,,213-69-1485,1999-07-05,Director of Sales,102,24
40-5322218,Tabb,Dubose,Male,761-99-7100,1990-01-30,Recruiter,101,33
95-5793847,Flin,Bigly,Male,531-79-5233,1982-06-12,Accountant IV,106,41
12-0824954,Rurik,Bergstram,Polygender,393-54-4041,1979-10-30,Accountant III,107,44
28-8133928,Illa,Cunney,Female,385-95-3041,1985-07-06,Occupational Therapist,106,38
29-2542184,Carroll,Warbey,Male,549-07-4155,1995-06-08,Media Manager IV,103,28
59-0948838,Ofelia,Shilliday,Female,752-28-1446,1994-02-26,Accounting Assistant III,104,29
04-9658261,Becki,Colman,Female,255-71-6597,1980-10-02,Quality Engineer,104,43
75-5030862,Winnifred,Bandt,Female,186-92-6122,2000-05-12,Product Engineer,103,23
24-2890510,Annaliese,Goldstraw,Female,286-89-0688,1970-04-11,Senior Developer,103,53
02-2196573,,Grimster,Genderqueer,309-70-3117,1995-04-16,Compensation Analyst,107,28
53-8101957,Tremain,Ewence,Male,429-47-3847,1998-03-16,Accountant IV,104,25
51-0450978,Jada,Beagan,Female,596-57-3433,1994-03-01,Assistant Manager,107,29
34-2766234,Roland,Clayill,Male,803-72-9801,1992-10-14,Senior Quality Engineer,105,31
28-5148149,Catherina,Gummoe,Female,408-09-0074,1981-03-22,Computer Systems Analyst I,107,42
81-0502403,Mathian,Dufall,Male,465-41-6126,1999-12-29,Database Administrator III,102,23
50-0985047,Sherie,Hansemann,Female,727-27-5327,1975-04-18,Recruiting Manager,105,48
05-2028232,Goraud,Graber,Male,694-53-3633,1991-05-04,Cost Accountant,103,32
95-0294131,Gunar,Mordy,,732-41-1038,1980-12-18,Compensation Analyst,107,42
73-1455280,Loren,Storrah,Female,335-46-0778,1998-06-17,Occupational Therapist,101,25
33-5297790,Desiri,Kedie,Female,531-71-5697,1974-07-16,Office Assistant III,101,49
62-9176733,Tabby,Aykroyd,Male,825-51-3447,1996-09-15,Paralegal,105,27
40-2001760,Becky,Brookfield,Female,199-57-6197,1993-01-21,Chief Design Engineer,107,30
88-0098953,Burch,Crisp,Male,617-52-4441,1990-06-15,Nuclear Power Engineer,102,33
75-5773891,Druci,Vasyutkin,Female,557-36-0127,1992-04-22,Safety Technician III,102,31
17-8139764,Lucias,Barbara,Male,246-10-8991,1985-01-26,Payment Adjustment Coordinator,106,38
06-0844141,Ruddie,Dunthorne,Male,511-88-0125,1985-12-18,Data Coordinator,107,37
82-1616840,Roxi,Fillon,Female,521-09-0699,1984-07-23,Financial Analyst,101,39
64-1371672,Carney,Escott,Male,882-99-2186,1973-03-16,Account Executive,104,50
99-0416244,Barty,Beckhouse,Male,514-89-7749,1981-04-26,Business Systems Development Analyst,105,42
13-6522597,Peter,Knighton,Polygender,772-41-2825,1974-10-13,Research Associate,106,49
11-6185142,Shaine,Adacot,Female,676-81-0480,1992-10-13,Staff Accountant III,101,31
37-4701353,Inge,Speakman,Female,630-87-8568,1990-10-22,Staff Scientist,101,33
30-2797459,Marshal,McGreay,Male,835-98-7104,1995-07-31,Account Representative IV,103,28
80-5498739,Giacopo,Hurtado,Male,231-44-8876,2001-11-28,Programmer III,104,21
12-2349623,,Hungerford,Female,582-18-7860,1972-05-19,Business Systems Development Analyst,107,51
86-5582890,Rutherford,Vassie,Male,608-80-8041,1974-11-13,Associate Professor,106,49
00-1818952,Aylmar,Widocks,Male,547-83-5044,1979-11-26,Research Associate,103,43
06-3518007,Connor,Aguirre,Male,714-66-3131,1977-10-14,Physical Therapy Assistant,107,46
00-3932249,La verne,Lacknor,Female,163-45-1438,1979-07-20,Recruiting Manager,105,
10-1456610,Galen,Chessun,Male,691-85-6539,1970-09-23,VP Sales,106,53
73-0178071,Buffy,Prangle,Female,538-61-3797,1996-05-15,Actuary,101,27
50-0268377,Frances,Jarmain,Female,589-21-7594,1996-03-01,Data Coordinator,101,27
33-6617956,Sandor,Aspel,Male,284-60-9926,2000-05-06,Occupational Therapist,102,23
69-1225338,Clemmie,Copnell,Male,580-09-5153,1975-09-20,Pharmacist,104,48
73-9431795,Jamil,Giddy,Male,153-45-9473,1980-04-27,Junior Executive,104,43
56-0159837,Lawrence,Davidovich,Male,773-98-3720,1998-08-21,Geological Engineer,101,25
18-9158664,Shelden,Spendley,Male,755-94-8558,1997-11-12,Nurse,105,26
46-5725876,Jenica,Jimenez,Female,357-25-8257,1982-12-09,Sales Associate,103,40
69-6148795,Jamison,Franzonetti,Male,677-79-3095,2000-05-07,VP Sales,106,23
37-5987343,Annelise,,Female,412-46-4771,2001-10-17,Senior Sales Associate,101,22
37-4194718,Eudora,Crampton,Female,717-95-8978,1990-11-19,Engineer II,105,32
52-6455928,Tersina,Westrip,Female,420-20-1782,1981-05-11,Staff Accountant III,106,42
37-9811687,Rachel,Nevet,Female,563-39-3955,1970-02-04,Teacher,105,53
48-3960472,Aloysius,Vasilov,Male,106-30-1815,1993-10-07,Desktop Support Technician,104,30
48-3066650,Vasily,Jendas,Male,287-40-8456,1971-05-16,Physical Therapy Assistant,106,52
75-8859253,Warden,Sinnie,Male,742-99-4578,1996-06-24,Structural Engineer,105,27
14-1010034,Finley,Cheson,Non-binary,720-82-7583,1988-02-03,Media Manager III,102,35
10-5434661,,Delwater,Female,541-67-4494,1977-04-26,Help Desk Technician,101,46
61-0098464,Bartholemy,Hartas,Male,304-05-0216,1995-09-19,Nurse Practicioner,103,28
17-5968230,Anselma,Cottey,Female,378-99-4864,1988-09-29,VP Sales,107,35
46-2661885,Roz,Standidge,Female,451-43-2016,1992-11-30,Database Administrator III,105,30
79-2912468,Brande,Sneesby,,631-84-1016,1972-05-09,Food Chemist,105,51
85-1041033,Gypsy,McGovern,Female,231-72-5577,1978-01-26,Recruiting Manager,105,45
71-6039699,Seka,Longden,Female,138-31-5338,2001-07-25,Mechanical Systems Engineer,107,22
17-1647824,Joeann,Mattimoe,Female,630-76-1803,1987-06-26,Civil Engineer,102,36
21-1728830,Ethelda,Ciementini,Female,690-24-5951,1987-12-10,Accountant IV,105,35
15-5931557,Jehanna,Grose,Female,264-11-7743,1986-11-17,Administrative Officer,101,37
82-4302082,Isidor,Bracci,Male,452-74-8582,2000-08-19,Legal Assistant,101,23
04-7586913,Jennie,Celler,Female,799-48-7815,1994-10-06,Director of Sales,106,29
49-1551438,Skippy,Probin,Male,269-63-3570,1993-05-15,Software Test Engineer II,104,30
32-5253841,Any,Salery,Male,826-12-7500,1976-07-03,VP Sales,107,47
