ID_Emp,Num_years_Exp,Prev_Job_Title,Last_Working_Date,Prev_Company_Loc,Prev_Company_Name
60-0072641,5,Recruiting Manager,,INDIA,"Wiegand, Rowe and Fadel"
44-4165602,7,Accountant I,2017-01-04,SOUTH KOREA,Bode-Kling
84-9358758,9,Senior Sales Associate,2018-06-19,SOUTH KOREA,Mills and Sons
18-6355086,3,GIS Technical Architect,2013-06-08,INDIA,"Abshire, Rath and Prohaska"
77-9466328,7,Help Desk Technician,2013-07-11,SOUTH KOREA,Leffler-Schinner
97-3370904,5,Clinical Specialist,2013-09-25,CHINA,"Larkin, Ebert and Johnson"
53-7192989,4,Technical Writer,2012-11-18,BANGLADESH,Stark-Gorczany
06-5285518,9,Electrical Engineer,2017-03-26,BANGLADESH,Morissette LLC
43-0732864,9,Marketing Manager,2012-10-26,THAILAND,"Lynch, Kuhn and Tromp"
09-2099123,6,Analyst Programmer,2013-12-08,JAPAN,Schneider Group
21-9329615,2,Software Consultant,2014-02-26,USA,Schultz-Cruickshank
65-9140698,1,Design Engineer,2014-07-01,SRILANKA,
26-3623073,6,Automation Specialist III,2015-09-06,CHINA,Waters Inc
98-3711077,9,Mechanical Systems Engineer,2018-07-07,PAKISTAN,Bruen Group
36-2680229,1,Assistant Media Planner,2014-10-05,USA,O'Conner-Graham
91-6919554,,Legal Assistant,2012-05-12,SOUTH KOREA,Sauer-Botsford
15-2743010,2,Structural Analysis Engineer,2016-01-23,MEXICO,Brekke Group
41-8288667,6,Administrative Officer,2014-02-23,PAKISTAN,"Dare, Sipes and Simonis"
60-0624784,9,Design Engineer,2017-12-17,JAPAN,Collier Inc
85-5248387,10,Chemical Engineer,2012-08-02,USA,Lubowitz-Bechtelar
04-4182764,1,Technical Writer,2018-02-21,INDIA,Gorczany and Sons
49-4157383,6,Compensation Analyst,,JAPAN,Schmeler Group
33-6712491,,Sales Representative,2017-09-22,MEXICO,"Miller, Heller and Feil"
19-6336953,1,Analyst Programmer,2013-11-06,PAKISTAN,"Bartell, Goyette and Bartoletti"
10-9746142,3,,,UK,"Bechtelar, Feeney and Gusikowski"
23-9033050,6,Assistant Media Planner,2015-08-27,CANADA,Nader Group
62-7447665,1,,2014-05-29,JAPAN,Cruickshank Group
83-0057557,8,Cost Accountant,2013-03-06,SRILANKA,Beier and Sons
60-1670702,7,Senior Sales Associate,2018-06-13,PAKISTAN,"O'Keefe, Miller and Murphy"
73-4685275,7,Research Associate,2013-11-14,CANADA,Lockman LLC
88-9565952,8,Structural Analysis Engineer,2012-11-03,UK,Jast-Pagac
12-2326373,10,Analyst Programmer,2015-09-24,UK,"Rowe, D'Amore and Oberbrunner"
68-8080133,7,Payment Adjustment Coordinator,2016-03-14,SOUTH KOREA,Bednar Group
65-1941246,8,Account Executive,2016-09-14,JAPAN,"Prohaska, Donnelly and Hilll"
98-4134438,4,Social Worker,2013-02-25,MEXICO,Hermann-Schmeler
74-0844980,5,Mechanical Systems Engineer,2018-03-06,PAKISTAN,"Leuschke, Farrell and Kerluke"
03-8140671,6,Environmental Tech,2016-05-21,SOUTH KOREA,
35-6140745,8,Safety Technician I,2018-09-15,CHINA,Murray Inc
36-4898344,7,Software Consultant,2013-02-12,THAILAND,"Dicki, Keebler and Deckow"
55-8317389,3,VP Accounting,2014-12-05,MEXICO,Botsford-Reichert
33-4750058,9,Budget/Accounting Analyst IV,2013-08-30,JAPAN,"Wolff, Veum and Haag"
66-9226110,8,Account Coordinator,2016-10-30,MEXICO,Marquardt-Fadel
04-8859652,3,Paralegal,2016-12-17,SRILANKA,Johnston-Stiedemann
77-8912386,7,Staff Accountant III,,CHINA,"Welch, Becker and Glover"
57-9269464,6,Statistician I,2014-06-16,JAPAN,
66-8436321,5,Business Systems Development Analyst,2016-09-19,SRILANKA,Abshire-Buckridge
20-8619088,2,VP Sales,2018-04-21,THAILAND,"White, Beahan and Gislason"
15-8690762,1,Data Coordinator,2017-10-07,SOUTH KOREA,"Simonis, Parker and Mertz"
43-6123682,3,Health Coach II,,BANGLADESH,"Rau, Crooks and Koepp"
46-2417741,4,Research Assistant IV,,MEXICO,Hickle-Rippin
31-0709019,7,Accountant II,,MEXICO,Jacobs-Lesch
31-5142691,6,Recruiter,2013-11-30,MEXICO,Zboncak-Runolfsdottir
91-9942446,5,Account Representative II,2012-09-27,MEXICO,O'Connell-Stanton
28-8240973,5,Pharmacist,2012-11-21,SOUTH KOREA,Zboncak-Mante
89-6443431,8,Staff Scientist,2016-10-10,JAPAN,Schuster and Sons
04-0972898,1,GIS Technical Architect,2013-06-28,JAPAN,Pfannerstill Inc
46-8186671,10,Analyst Programmer,2018-07-01,BANGLADESH,Gislason and Sons
23-0186992,6,Electrical Engineer,2017-02-17,CHINA,Gerhold Group
32-8310974,1,,2014-02-14,UK,Christiansen-Schmitt
63-8371401,2,Administrative Officer,2014-11-26,USA,"Daniel, Grant and Gleichner"
40-0293446,5,Product Engineer,2016-11-01,USA,McKenzie LLC
36-0073613,8,Food Chemist,2017-06-12,BANGLADESH,Blanda Group
53-9521614,10,Information Systems Manager,2014-11-25,USA,Bernier-Stamm
12-2297933,8,Sales Representative,2013-02-02,INDIA,Crooks-Daugherty
34-3315582,1,Cost Accountant,2018-09-13,USA,Mitchell-Stokes
59-2976077,8,Graphic Designer,2017-07-04,INDIA,Jones-Murphy
94-2828396,9,,2014-05-07,PAKISTAN,Welch and Sons
02-1102050,2,Analyst Programmer,2017-01-04,UK,
56-1505536,7,Community Outreach Specialist,2016-09-14,USA,Stoltenberg-Wiza
87-6672005,5,Librarian,2016-05-01,THAILAND,Abbott-Nienow
99-9945681,6,Budget/Accounting Analyst IV,2017-04-21,SRILANKA,Moen-Bartoletti
41-2209044,5,Director of Sales,2014-05-09,PAKISTAN,Kemmer-Strosin
05-3650385,9,,2012-05-17,BANGLADESH,Conroy Group
66-9090100,6,Structural Engineer,2013-04-24,MEXICO,
82-3006284,10,VP Marketing,2018-01-06,JAPAN,"Hammes, Goodwin and Ledner"
53-8323129,6,Sales Associate,2018-02-06,CHINA,Schaden-McCullough
85-9472655,4,Professor,2018-11-28,USA,Swift and Sons
49-0225594,8,Web Developer IV,2015-11-09,INDIA,"O'Keefe, Kuvalis and Beier"
87-6415779,6,Human Resources Manager,2016-11-19,BANGLADESH,"Vandervort, Hirthe and Keebler"
51-4175135,9,Quality Engineer,2015-10-26,THAILAND,Lehner Inc
95-6729273,5,Senior Sales Associate,2016-11-15,USA,Breitenberg-Volkman
83-4387916,2,Legal Assistant,2015-06-19,JAPAN,McDermott-Jerde
84-2251087,3,Sales Representative,2013-03-26,SOUTH KOREA,"Stoltenberg, Powlowski and Gerlach"
74-1559220,9,Editor,2013-08-07,SRILANKA,Howe-Kozey
93-8748464,8,VP Marketing,2015-02-14,PAKISTAN,"Hermann, Reichel and Hammes"
12-1482102,1,Executive Secretary,2016-11-26,PAKISTAN,"MacGyver, Barton and Yost"
22-7125544,4,Electrical Engineer,2013-01-22,CANADA,Heathcote-Harvey
97-3785829,2,Civil Engineer,2016-11-26,SOUTH KOREA,"Sawayn, Krajcik and Wiza"
83-7412141,6,Assistant Manager,2018-02-26,PAKISTAN,"Sanford, Reynolds and Stokes"
06-0126426,4,Software Consultant,,THAILAND,Monahan-Gusikowski
69-9387959,2,Legal Assistant,2012-05-19,PAKISTAN,"Medhurst, Mayert and Ryan"
64-9343271,2,Administrative Officer,2014-03-13,SRILANKA,Cummerata and Sons
40-6110293,2,Accounting Assistant IV,2014-05-24,THAILAND,Yost and Sons
24-4522572,3,Chemical Engineer,2015-09-05,CHINA,Kling-Gleichner
88-9784508,5,Biostatistician I,2014-07-16,CANADA,Toy Inc
20-6121599,9,Legal Assistant,2014-10-04,PAKISTAN,"Boyle, Gorczany and Dietrich"
91-0119759,10,Senior Financial Analyst,2016-02-12,BANGLADESH,Cruickshank LLC
47-4183025,5,Programmer I,2012-03-18,THAILAND,Skiles-Gerlach
92-8293273,7,Staff Scientist,2013-11-02,USA,Graham Inc
42-2356508,9,,2018-01-11,SRILANKA,Grant-Leffler
61-8188939,,Biostatistician III,2016-10-30,CHINA,Nikolaus-Bechtelar
57-3496085,1,Electrical Engineer,2014-03-12,CHINA,"O'Keefe, Abernathy and Kovacek"
67-5577640,2,Assistant Media Planner,2014-12-06,JAPAN,"Abernathy, Bogisich and Schamberger"
07-6058090,2,Social Worker,,CHINA,Hoeger and Sons
35-2110798,7,Research Nurse,2013-12-02,JAPAN,Murray-Beatty
71-7573723,,Business Systems Development Analyst,2012-04-11,SRILANKA,Wintheiser and Sons
46-6337120,10,Account Representative I,2016-02-06,INDIA,Mayert-Effertz
05-9512595,4,Statistician IV,2014-02-17,INDIA,Strosin Inc
58-9894185,8,Environmental Tech,2016-06-30,THAILAND,Ankunding LLC
68-6363381,1,Recruiting Manager,2014-09-22,UK,Rowe-Wuckert
20-7405506,8,Web Designer III,2012-09-09,INDIA,Lowe-Fay
14-7809214,2,Senior Developer,2018-10-16,CANADA,McCullough-Maggio
90-0495025,6,Internal Auditor,2013-11-03,THAILAND,Leffler-Rau
03-6875503,9,Community Outreach Specialist,2013-05-05,CANADA,Grant-Walter
46-0895486,10,Data Coordinator,2016-01-11,USA,Kuhic-Jacobson
51-7734648,5,Civil Engineer,2017-12-11,INDIA,"Hayes, Metz and Hills"
84-3075243,3,Account Executive,2018-07-31,JAPAN,Feil-Barrows
72-4606121,3,Dental Hygienist,2013-12-12,SOUTH KOREA,"Bechtelar, Wilderman and Cartwright"
14-7872895,6,Nuclear Power Engineer,2017-08-20,CANADA,"Hegmann, Yost and Roberts"
25-3495869,7,Safety Technician II,2013-01-14,UK,Stokes Inc
59-6358310,2,Speech Pathologist,2016-01-31,CANADA,Prosacco Group
15-7941967,4,Media Manager IV,2018-01-11,SOUTH KOREA,Abernathy-Skiles
99-9396819,8,Assistant Professor,2012-01-31,MEXICO,Shields LLC
30-9379257,1,Speech Pathologist,2016-02-06,BANGLADESH,Deckow-Kemmer
43-0927724,1,,2015-08-07,SOUTH KOREA,Marquardt Inc
31-3513143,10,Web Designer I,2017-09-25,UK,"Bogan, Gislason and Rodriguez"
96-8075243,9,Dental Hygienist,,CHINA,Von-Bartoletti
11-2335245,4,Project Manager,2016-04-20,JAPAN,
01-0787846,9,Marketing Manager,,INDIA,Wolff-Mraz
22-1905728,7,Accountant II,2013-05-30,SOUTH KOREA,"Cormier, Wunsch and Gorczany"
28-5967997,7,Desktop Support Technician,2018-11-23,CANADA,Little-Blick
04-9709088,4,Web Designer I,2017-07-30,PAKISTAN,Murphy Group
12-5015790,4,VP Accounting,2012-12-08,USA,Walter Inc
14-2087303,3,Staff Accountant I,2013-10-08,SOUTH KOREA,Donnelly Inc
37-7968011,,Chief Design Engineer,2016-07-06,MEXICO,"McGlynn, Bergstrom and Hoeger"
46-1682144,7,Quality Control Specialist,2015-02-25,THAILAND,Hoppe Group
11-3970123,6,Business Systems Development Analyst,2013-10-26,THAILAND,Padberg-Leannon
04-3940040,1,Electrical Engineer,2016-11-13,JAPAN,Olson-Bins
30-8796579,2,Senior Cost Accountant,2013-01-02,CHINA,Gislason Group
85-5727946,4,,2013-03-23,PAKISTAN,"Jaskolski, Stiedemann and Osinski"
89-2706055,2,Technical Writer,2016-05-27,JAPAN,"Beatty, Mraz and Roberts"
88-6239645,5,Account Executive,2015-09-07,INDIA,Will-Weimann
98-4363866,9,Paralegal,2013-07-26,CANADA,Jenkins-Powlowski
81-3308255,8,Media Manager I,2015-06-30,BANGLADESH,
88-7209169,8,VP Sales,2014-09-11,THAILAND,Denesik Group
21-1306698,6,,2013-06-05,BANGLADESH,Kirlin-West
44-6579352,,Marketing Assistant,2012-02-07,MEXICO,"Hettinger, Kutch and Sanford"
06-8235058,9,Senior Financial Analyst,2015-07-11,THAILAND,"Erdman, Smitham and Barrows"
81-5610709,3,Staff Accountant III,2015-04-18,INDIA,Shanahan-Champlin
81-2386986,8,Analyst Programmer,2014-04-13,SOUTH KOREA,Kertzmann Inc
08-4582174,6,Community Outreach Specialist,2016-09-30,SRILANKA,Johns-Rath
26-0229798,1,Associate Professor,2017-02-10,INDIA,"Sauer, Harber and Terry"
08-4115010,10,Registered Nurse,2017-08-30,BANGLADESH,"Wiza, Dickinson and Kutch"
63-5455243,8,VP Sales,2014-11-18,PAKISTAN,"Murazik, Nikolaus and Wisozk"
09-7776954,8,Occupational Therapist,2017-04-13,USA,"Pfeffer, Miller and Auer"
20-4668183,4,Speech Pathologist,2013-09-01,UK,"Jacobs, Emard and Hills"
68-3525954,,Research Assistant III,2015-12-15,CANADA,Murray Inc
54-9483157,9,Senior Cost Accountant,2015-05-25,UK,Marvin LLC
93-2675830,7,Research Assistant III,2017-01-22,USA,Nicolas Group
61-0596955,9,Social Worker,2012-12-27,PAKISTAN,
40-9236764,3,Automation Specialist II,2012-05-02,PAKISTAN,Rutherford-Conn
85-0828168,3,Health Coach II,2014-09-11,THAILAND,Hayes Inc
64-9448194,3,Recruiter,,SOUTH KOREA,Donnelly-Goyette
66-4334981,5,Automation Specialist III,2013-08-04,USA,"Bode, Rosenbaum and Feeney"
39-2696977,2,Analyst Programmer,2016-07-17,MEXICO,Schaefer and Sons
49-4769403,2,Nuclear Power Engineer,2016-10-05,PAKISTAN,Sanford-DuBuque
42-5851152,9,Computer Systems Analyst IV,2017-06-14,USA,Murray Group
33-7529107,2,Operator,2018-11-08,SOUTH KOREA,Lakin Inc
86-1668122,3,Physical Therapy Assistant,,SRILANKA,Veum-Dibbert
81-2363964,5,Accountant II,2012-07-21,SRILANKA,Baumbach-Mante
44-6708232,2,Budget/Accounting Analyst IV,2012-07-05,CANADA,Leannon-Emard
35-7399777,8,Help Desk Technician,2013-03-22,USA,Baumbach-Kozey
22-5973136,2,Environmental Specialist,2016-03-13,SRILANKA,Beatty-Brekke
79-1240919,3,Geologist II,2018-11-07,SRILANKA,Stiedemann and Sons
22-6751467,9,Sales Associate,2016-01-05,CANADA,
42-2679778,10,Staff Accountant I,2018-11-12,THAILAND,Bogisich Group
98-3948945,,Senior Financial Analyst,2015-10-11,PAKISTAN,Ortiz Inc
02-0627826,5,Senior Cost Accountant,2013-08-30,USA,Walter-Hodkiewicz
89-2107547,6,Actuary,,CANADA,"Greenholt, Walsh and Stiedemann"
29-8232062,7,Chief Design Engineer,2016-11-19,SRILANKA,Quigley and Sons
85-5779114,10,Operator,2013-09-28,SRILANKA,"Green, Zemlak and Hoppe"
12-0826553,6,Human Resources Manager,2012-06-06,SOUTH KOREA,Becker-Parisian
43-3010946,10,Research Nurse,2012-09-24,UK,Bosco-Johns
70-4480925,10,Information Systems Manager,2015-04-03,CHINA,"Schroeder, Cormier and Thiel"
74-7284225,4,Tax Accountant,2013-03-06,MEXICO,"Quigley, Fahey and Batz"
94-5760396,7,Registered Nurse,2016-10-24,PAKISTAN,Heathcote LLC
20-5614780,8,Budget/Accounting Analyst I,2013-01-12,USA,Flatley-Satterfield
90-8643321,3,Director of Sales,2016-07-03,CHINA,Kuvalis Group
34-8272039,9,Teacher,2015-08-22,MEXICO,"Turner, Wisozk and O'Hara"
06-5221763,8,Librarian,2015-06-08,BANGLADESH,Kuhlman-Cruickshank
27-8494960,5,Administrative Officer,2012-02-28,USA,Feest and Sons
25-6200527,9,Recruiter,2013-07-11,CANADA,Simonis-Wintheiser
16-0184530,5,Biostatistician II,2012-06-19,SRILANKA,Feeney Group
49-6243533,10,VP Sales,,SOUTH KOREA,Roberts LLC
68-9146439,6,Professor,2016-05-09,SRILANKA,Ziemann-King
66-8320898,10,,2013-10-07,INDIA,Ferry-Metz
51-6243184,,Software Engineer III,2012-03-17,BANGLADESH,"Monahan, Hauck and Wunsch"
24-2758829,4,Help Desk Technician,2013-11-08,SRILANKA,Kozey Group
07-5876488,2,Senior Financial Analyst,2018-10-13,UK,"Zemlak, Kilback and Haley"
75-7433039,6,Staff Accountant III,2013-03-06,CANADA,Mitchell-Pouros
33-4340847,10,Technical Writer,2013-06-19,JAPAN,Osinski Inc
44-3565974,7,Electrical Engineer,2017-04-13,SRILANKA,"Rau, Macejkovic and Walker"
79-0793818,10,Account Executive,2014-01-30,UK,Friesen LLC
82-7077953,4,Junior Executive,2017-10-09,INDIA,"Murazik, Kreiger and Greenholt"
81-4329541,8,Sales Associate,2014-01-09,SOUTH KOREA,Huels-Bergstrom
48-6533866,3,Quality Control Specialist,,CANADA,Tremblay-Cronin
01-2755259,2,Food Chemist,2015-11-16,SRILANKA,Daniel Group
77-7443400,7,Health Coach I,2013-02-15,PAKISTAN,Dach Inc
66-9678395,1,Desktop Support Technician,2016-02-08,MEXICO,"Prosacco, Lynch and Wintheiser"
48-7411563,5,Web Developer I,2014-04-08,INDIA,"Feeney, Erdman and Lehner"
72-7769270,2,Statistician II,2018-04-05,SOUTH KOREA,"Schultz, Osinski and Hartmann"
65-7995478,5,Tax Accountant,2012-05-29,CHINA,Hahn Group
50-0134608,8,Environmental Tech,2016-02-27,CHINA,"Greenfelder, Walsh and Boyle"
45-4486385,6,,2012-09-14,UK,Trantow-Kris
25-9315311,4,Programmer IV,2016-08-21,SRILANKA,Steuber-Bailey
49-7667008,8,Programmer I,2016-05-13,UK,Franecki and Sons
44-0926511,1,VP Product Management,2013-05-28,UK,Blanda and Sons
06-6610248,3,Web Developer III,2015-02-02,CANADA,"White, Veum and Lebsack"
46-7827188,1,Senior Developer,2012-05-15,MEXICO,"Gusikowski, Hartmann and Predovic"
88-3272204,9,Desktop Support Technician,2017-08-13,THAILAND,Osinski-Hettinger
73-0980233,3,Quality Control Specialist,,CHINA,"Keeling, Padberg and Langosh"
83-0699169,8,Chief Design Engineer,2014-11-26,MEXICO,"Schaefer, Durgan and Von"
34-1438644,3,Software Engineer II,2013-01-09,USA,"Bergstrom, Powlowski and Bartell"
43-8364450,10,Geologist IV,,CANADA,"Stracke, Flatley and Koch"
27-7865804,8,Teacher,2015-06-26,THAILAND,"Hane, Spencer and Mayer"
39-0223572,9,Staff Accountant I,2015-04-26,UK,Medhurst-Schmidt
01-0732864,10,Human Resources Manager,2015-04-05,JAPAN,Walker-Heathcote
32-8270018,10,Food Chemist,2014-12-22,THAILAND,Prohaska LLC
16-4715550,,Chief Design Engineer,2012-04-18,PAKISTAN,"Lueilwitz, Denesik and Hansen"
96-6731600,6,Speech Pathologist,2013-04-27,CHINA,"Parker, Sanford and Botsford"
10-1439407,10,VP Product Management,2016-03-03,THAILAND,Kuhic-Hansen
52-8090962,10,,2017-09-11,SOUTH KOREA,"Tromp, Terry and Cronin"
43-6252724,4,Chief Design Engineer,2016-11-10,THAILAND,Spencer-Luettgen
47-8696904,7,Nuclear Power Engineer,2014-01-16,PAKISTAN,"Bergstrom, King and Leannon"
59-7886176,1,Mechanical Systems Engineer,2014-11-19,SRILANKA,Smitham-Hermiston
75-4940037,1,Developer II,2018-09-20,SOUTH KOREA,Beer-Yundt
11-9395048,8,Financial Advisor,2017-11-25,THAILAND,Watsica LLC
01-5915330,2,Quality Control Specialist,2012-07-08,UK,Fahey and Sons
92-3776369,9,Design Engineer,2012-08-01,MEXICO,Lynch-Beier
60-4123760,8,Analyst Programmer,2015-04-17,SOUTH KOREA,Batz LLC
74-4283539,1,Nurse Practicioner,2016-04-01,UK,Stokes-Gutmann
62-4069798,2,Recruiting Manager,2017-12-31,UK,"Hammes, Marks and Beier"
24-5335482,7,Software Consultant,2013-10-02,BANGLADESH,"Schimmel, Rogahn and Hirthe"
80-1789914,7,Community Outreach Specialist,2014-08-24,THAILAND,"Bednar, Oberbrunner and Koch"
29-6834017,5,Structural Engineer,2017-10-05,JAPAN,Bayer Group
75-0412183,2,Recruiting Manager,2013-10-19,SOUTH KOREA,Orn-Langworth
42-7501422,5,Software Engineer IV,2017-04-01,CANADA,Doyle LLC
20-1051578,4,Junior Executive,2018-02-04,SRILANKA,"Friesen, Baumbach and Hand"
78-1500608,8,Dental Hygienist,2015-02-21,MEXICO,"Johnson, McDermott and Bayer"
00-6351482,10,General Manager,2017-11-24,USA,
22-9466062,2,Computer Systems Analyst I,2012-02-22,JAPAN,"Harris, Medhurst and Auer"
47-5649506,7,Registered Nurse,2015-02-14,BANGLADESH,Pacocha-Rippin
37-9776808,4,Tax Accountant,2017-02-03,SOUTH KOREA,Schowalter LLC
35-6120229,3,Cost Accountant,2016-09-24,SOUTH KOREA,Turner Group
00-8336338,4,Geological Engineer,2017-07-09,SOUTH KOREA,Altenwerth-Hills
63-8782059,3,Sales Representative,2013-06-01,JAPAN,"Collier, Roberts and Kshlerin"
09-8537960,10,Analog Circuit Design manager,2015-11-30,CHINA,Rice Group
93-9392027,4,Senior Developer,2014-11-12,USA,Stiedemann Inc
38-6427795,9,Clinical Specialist,2013-07-21,THAILAND,Monahan-Barrows
48-2951446,3,Internal Auditor,2015-11-01,CHINA,Walker-Aufderhar
37-8014382,9,Technical Writer,2018-09-09,THAILAND,"Kihn, Flatley and Hegmann"
16-5287196,,Human Resources Assistant I,2017-12-23,MEXICO,"McLaughlin, Hauck and Howe"
30-1631310,5,Marketing Assistant,2017-10-07,BANGLADESH,"Bauch, Hodkiewicz and Friesen"
65-7449617,5,Accounting Assistant II,2017-07-25,JAPAN,Marks Inc
18-0400226,3,Recruiting Manager,2017-01-28,UK,Williamson Inc
93-1345101,5,Chemical Engineer,2018-12-11,USA,"Renner, Haag and Weimann"
71-5662879,6,Pharmacist,2014-03-20,INDIA,"O'Reilly, Marquardt and Robel"
29-4747592,1,Analog Circuit Design manager,2013-01-13,THAILAND,Beatty-Macejkovic
05-8716907,4,Safety Technician IV,,USA,Hegmann-Krajcik
86-7560476,10,Office Assistant II,,THAILAND,"Ebert, Spinka and Hickle"
20-9057186,10,Editor,2015-12-25,CHINA,"Reynolds, Keebler and Cremin"
42-8907791,4,Payment Adjustment Coordinator,2014-05-10,MEXICO,Swift-Turcotte
26-8924252,2,Structural Analysis Engineer,2013-05-19,USA,Prohaska-Weber
79-5304139,9,Help Desk Technician,2014-08-09,PAKISTAN,Vandervort-Gleason
29-3183499,3,Staff Scientist,2017-04-20,SRILANKA,Bartoletti and Sons
42-4151214,8,Geological Engineer,2014-04-21,USA,Renner-Ryan
88-2473727,4,Research Assistant II,2013-01-28,BANGLADESH,Corwin-Schmeler
60-9026709,9,Engineer I,,THAILAND,Dooley and Sons
35-1168742,8,,2013-11-27,CANADA,"Torphy, Smitham and Bernhard"
07-7729550,6,Legal Assistant,2014-02-02,BANGLADESH,"Brakus, Lemke and Goldner"
53-6324978,7,Account Representative II,2014-04-26,CHINA,"Pagac, Turcotte and Macejkovic"
35-4927927,9,,2015-05-25,UK,Lind-Crist
50-0733366,4,Staff Accountant III,2015-07-19,JAPAN,
75-0236705,3,,2015-04-16,PAKISTAN,Hand-Heidenreich
78-0986287,4,Structural Analysis Engineer,2018-12-11,UK,Kerluke-Lindgren
94-3237465,10,Chief Design Engineer,2013-03-23,USA,Kertzmann-Leannon
04-8629473,8,,2013-08-05,SOUTH KOREA,Abshire Inc
24-2170919,3,Financial Analyst,2015-01-08,USA,"Deckow, Ernser and Wunsch"
35-6412616,5,Senior Financial Analyst,2015-10-25,INDIA,Cormier and Sons
15-7402049,8,Account Representative II,2016-10-31,CANADA,Cummerata-Kiehn
53-2080122,2,,2016-04-28,CHINA,"Harvey, Steuber and Haag"
63-6192495,2,Account Executive,2012-12-30,UK,"Schmeler, Hammes and Beatty"
45-8155262,5,Sales Representative,2017-10-08,INDIA,
51-2536776,2,Senior Quality Engineer,2012-04-01,CHINA,"Spinka, Konopelski and Heller"
34-7521206,4,Analyst Programmer,2015-03-27,BANGLADESH,Dickens Group
11-3106643,1,Senior Developer,2015-10-27,SRILANKA,Hartmann and Sons
82-0850044,5,Teacher,2014-10-28,CHINA,Abbott Inc
20-0832515,3,Structural Engineer,2015-12-26,USA,Prohaska-Jones
02-8777448,1,,2012-10-25,SRILANKA,Cronin-Reynolds
20-7729837,3,Structural Analysis Engineer,2013-03-15,USA,
59-9362860,3,Senior Developer,,JAPAN,"Rogahn, Balistreri and Jaskolski"
07-9713869,9,Research Assistant III,2018-03-30,PAKISTAN,Ratke Group
11-7570926,2,Recruiting Manager,2013-10-23,USA,"O'Reilly, Runte and Donnelly"
14-2650715,4,Recruiting Manager,2018-12-12,CANADA,Graham-Rodriguez
21-3052427,2,Help Desk Operator,2016-12-29,SOUTH KOREA,"Conn, Schmidt and Sauer"
41-2606665,,Editor,2015-06-09,INDIA,Kris LLC
04-0634481,6,,2012-11-14,SRILANKA,Doyle-Borer
35-1974396,6,Geologist II,2015-07-08,JAPAN,Metz-Weimann
33-3858816,2,Senior Developer,2017-04-07,UK,"Gottlieb, Beahan and Schumm"
27-2749097,,Software Consultant,2017-02-03,PAKISTAN,Jast Inc
71-8337341,5,Electrical Engineer,2016-04-30,BANGLADESH,Hermiston LLC
99-7679883,8,Programmer Analyst I,2014-02-12,INDIA,
84-9112383,10,Food Chemist,2018-01-25,BANGLADESH,"Kuphal, Smith and Rohan"
75-8290105,8,Structural Engineer,2016-06-05,SRILANKA,"Greenfelder, Ullrich and Gleason"
56-9955509,7,Speech Pathologist,2016-02-16,SRILANKA,Leuschke LLC
91-0987912,,,2013-10-04,CHINA,"Kessler, McClure and Schuppe"
51-4418235,7,Analyst Programmer,2015-02-28,CANADA,"Brekke, Schultz and Fritsch"
16-0861951,9,Office Assistant II,2012-06-02,CANADA,"Feeney, Jacobi and Koss"
85-4232823,2,Dental Hygienist,2014-08-09,THAILAND,Abbott-Little
45-9610411,6,Director of Sales,2013-07-27,THAILAND,Ernser and Sons
96-5895066,6,Marketing Manager,2014-05-27,JAPAN,"Kovacek, Casper and Kuhlman"
17-2881921,7,Internal Auditor,2017-11-21,UK,Conn-Kulas
05-5307594,7,VP Marketing,2016-05-25,CANADA,Walsh and Sons
42-6709243,3,Speech Pathologist,2017-05-23,CANADA,"Kling, Feest and Rutherford"
18-5515046,3,Sales Associate,2017-03-21,MEXICO,Konopelski LLC
03-0398732,9,Technical Writer,2014-01-04,CANADA,Stokes Inc
63-7869416,3,Senior Financial Analyst,2018-06-21,CANADA,Turner Group
58-2361757,1,Project Manager,2013-08-27,UK,Batz-Schmitt
88-2776220,6,Human Resources Manager,2016-11-22,CANADA,Wehner-Rolfson
35-8959362,4,,2017-04-18,MEXICO,"Stokes, Stracke and Durgan"
92-8536524,2,Senior Developer,2018-12-15,SOUTH KOREA,"Marquardt, Nienow and Osinski"
92-8283493,1,Teacher,,UK,Rempel-Olson
94-7025309,6,Staff Accountant III,2014-06-12,SOUTH KOREA,Harber-Runolfsdottir
87-1524310,7,Programmer Analyst I,2016-03-09,JAPAN,Becker-Hoeger
07-0513764,10,Financial Analyst,2015-06-13,INDIA,Mills-Lesch
70-9557679,3,Human Resources Manager,2012-11-28,MEXICO,Hintz-Schulist
56-2538209,7,Structural Engineer,2016-08-23,BANGLADESH,"Beer, Kulas and Gottlieb"
59-1225380,4,Speech Pathologist,2013-02-03,UK,Beer-Padberg
77-8969935,4,Media Manager II,2018-10-25,SRILANKA,Grady and Sons
28-1074495,7,Business Systems Development Analyst,2015-11-11,SRILANKA,Brekke Group
98-8312687,2,Civil Engineer,2013-05-06,JAPAN,Crooks-O'Conner
83-0576737,5,Associate Professor,2017-01-25,CANADA,"Mayert, Hilpert and Cummings"
64-2887913,3,Occupational Therapist,2016-09-13,SOUTH KOREA,"Hettinger, Strosin and Gulgowski"
22-2019746,3,Health Coach III,2018-03-16,PAKISTAN,Stanton-Hammes
41-5640927,3,Compensation Analyst,2016-12-15,MEXICO,Legros-Leffler
14-0383891,9,Senior Cost Accountant,2018-05-13,INDIA,Howell Inc
12-3608157,6,Cost Accountant,2014-09-12,SOUTH KOREA,Beatty-Bechtelar
70-9194479,9,Associate Professor,2012-12-11,SOUTH KOREA,"Koelpin, Jaskolski and Mann"
09-7754145,8,Programmer Analyst IV,2016-06-03,SRILANKA,Smith-Crist
36-4649035,10,Business Systems Development Analyst,2015-07-03,INDIA,Herman-Labadie
26-6853242,4,Registered Nurse,2014-12-12,PAKISTAN,Hyatt Group
25-9160303,,Paralegal,2018-03-31,CHINA,Runte-Friesen
48-9002032,6,Developer I,2014-08-25,MEXICO,Crona-Mante
37-6641205,7,Quality Engineer,2013-08-12,CHINA,"Boyer, Howell and Welch"
00-9031903,4,Biostatistician IV,2016-09-16,THAILAND,Mraz and Sons
86-0407854,8,Sales Associate,2012-04-13,PAKISTAN,"McDermott, Murphy and Bartoletti"
33-9240782,5,Marketing Manager,2016-05-14,BANGLADESH,Kris-Lang
56-7679252,6,Developer IV,2015-03-19,BANGLADESH,Sanford and Sons
61-2010295,3,Actuary,,SOUTH KOREA,Walter Group
47-3769937,10,Human Resources Assistant IV,2013-12-15,SRILANKA,Weber-Miller
92-0603852,10,Marketing Manager,2013-03-27,SOUTH KOREA,Sawayn and Sons
30-1255023,7,Staff Scientist,2017-04-27,BANGLADESH,"Medhurst, Bartoletti and Tillman"
52-6659225,1,Recruiting Manager,2016-02-18,CHINA,Leannon Inc
40-7932965,7,Nuclear Power Engineer,2013-07-22,USA,"Watsica, Wuckert and Rolfson"
83-3170750,3,Analog Circuit Design manager,2014-07-11,JAPAN,
18-8696663,2,Human Resources Assistant I,2012-11-22,MEXICO,Sporer-Boyle
44-3004767,10,Research Nurse,2018-10-24,USA,
90-8490105,10,Operator,,MEXICO,Brakus-Kassulke
96-5421544,7,Software Engineer III,2016-06-23,THAILAND,Treutel-Bauch
71-2050315,8,Design Engineer,2012-11-06,SRILANKA,"Tremblay, McDermott and Bergnaum"
78-1537402,7,Web Developer IV,2015-07-14,SRILANKA,Schumm LLC
56-4528817,5,Quality Control Specialist,,SOUTH KOREA,Leannon-McCullough
09-2536575,4,Recruiting Manager,2018-06-11,MEXICO,"Luettgen, Luettgen and Prohaska"
73-1880441,9,Statistician III,2013-03-05,SOUTH KOREA,"Stamm, Lockman and Ratke"
47-8078270,1,Product Engineer,2012-02-28,CHINA,
02-4211353,1,Assistant Manager,2016-10-28,PAKISTAN,Shields Group
00-6411169,,Speech Pathologist,2013-10-20,USA,Crooks and Sons
85-4645537,9,Media Manager II,2015-01-16,INDIA,Reichel and Sons
44-5814496,6,Technical Writer,2015-06-10,SRILANKA,Toy Group
26-0532033,6,Nurse Practicioner,2016-04-01,THAILAND,Christiansen-Gislason
93-7300298,4,Design Engineer,2014-04-14,UK,"Dibbert, Rice and Gerhold"
94-3571513,8,Analog Circuit Design manager,2018-10-27,BANGLADESH,"Graham, Heaney and Muller"
51-5022096,1,Editor,2018-04-03,CANADA,
95-1809749,9,Junior Executive,2016-04-17,THAILAND,Abernathy-Sipes
34-9070128,10,Research Nurse,2017-03-23,SOUTH KOREA,Parker-Barrows
55-9524582,10,Dental Hygienist,2015-11-16,INDIA,"Grant, Marks and Botsford"
75-2966286,8,Data Coordinator,2018-05-11,THAILAND,"Hackett, Ruecker and Douglas"
15-2171064,6,Accountant IV,2015-06-30,INDIA,Lemke Group
74-5217902,5,,2017-08-06,JAPAN,Stroman Inc
63-6646268,3,Physical Therapy Assistant,2018-08-04,MEXICO,"Stamm, Hegmann and Gleason"
44-1827440,,Senior Sales Associate,2016-07-13,SOUTH KOREA,Stokes-Abernathy
98-1863223,1,Senior Editor,2012-02-09,BANGLADESH,Sporer and Sons
51-4930709,2,Database Administrator IV,2015-03-08,BANGLADESH,"Lebsack, O'Conner and Johnson"
18-6285267,9,Project Manager,2018-01-20,SRILANKA,Kuphal-Gusikowski
29-3326072,4,Environmental Tech,2015-07-31,CHINA,Hauck-Moen
61-5291880,10,Data Coordinator,2018-01-22,MEXICO,Heidenreich Group
15-0664174,10,Senior Financial Analyst,2013-06-02,CHINA,Adams Inc
07-1733261,9,Account Representative IV,2017-07-29,CHINA,Muller-Lang
87-6060522,6,Actuary,2017-01-17,BANGLADESH,Bode-Brekke
51-6678826,5,Marketing Assistant,2012-06-16,USA,"Abbott, Legros and White"
84-6711163,2,Help Desk Operator,2016-09-29,CHINA,Crooks-Sawayn
86-6948011,2,Director of Sales,2016-01-07,JAPAN,"Gulgowski, Lubowitz and Jacobson"
91-6337930,8,Research Associate,2015-08-14,SRILANKA,Koss LLC
22-8148075,4,Research Nurse,2014-07-08,MEXICO,"Gislason, Blick and Turcotte"
22-7243601,7,Accounting Assistant IV,2014-03-01,INDIA,"Paucek, Abshire and Simonis"
73-9363659,7,Project Manager,2018-11-23,INDIA,Ernser-Crist
53-0029153,6,Technical Writer,2017-05-02,CHINA,"Treutel, Quigley and Smith"
73-6865349,4,,2015-02-23,SRILANKA,Pagac-Roob
59-3586198,6,Design Engineer,2018-09-08,JAPAN,Fritsch-Frami
78-6105189,2,Sales Associate,2017-01-26,MEXICO,Stroman and Sons
18-4929614,10,Help Desk Technician,2017-09-03,THAILAND,Walsh Inc
13-7594742,2,Pharmacist,2014-11-02,BANGLADESH,"Hermann, Purdy and Abshire"
14-7588969,7,Sales Representative,2012-09-22,MEXICO,Erdman-Rogahn
50-8819578,8,Structural Analysis Engineer,2013-07-22,MEXICO,Rowe Inc
26-9044831,3,Cost Accountant,2012-07-06,CANADA,
40-9836213,2,Desktop Support Technician,2016-11-15,THAILAND,"Harvey, Moen and Hackett"
51-4599344,1,Administrative Assistant II,2013-05-03,USA,Keebler LLC
68-1938313,2,,2016-06-16,PAKISTAN,"Halvorson, Bartell and Dibbert"
90-2891822,9,Web Designer III,2016-11-27,JAPAN,Hoeger-Borer
79-9160465,8,,2013-06-19,CANADA,Mohr-Gusikowski
91-7244710,1,VP Product Management,2012-08-14,BANGLADESH,Wilderman Group
79-7557603,5,Structural Engineer,2017-12-16,INDIA,Gulgowski-Larkin
61-0771383,7,Senior Financial Analyst,2018-12-10,CANADA,Cassin-Hyatt
24-4520321,8,Senior Sales Associate,2014-04-08,SOUTH KOREA,"Wisoky, Bernier and Stroman"
59-5534899,2,Assistant Manager,2012-09-12,MEXICO,Abernathy and Sons
,,,,,
,,,,,
,,,,,
,,,,,
,,,,,
,,,,,
,,,,,
,,,,,
,,,,,
,,,,,
,,,,,
,,,,,
,,,,,
,,,,,
,,,,,
,,,,,
,,,,,
,,,,,
,,,,,
,,,,,
,,,,,
,,,,,
,,,,,
,,,,,
,,,,,
,,,,,
,,,,,
,,,,,
,,,,,
,,,,,
,,,,,
,,,,,
,,,,,
,,,,,
,,,,,
,,,,,
,,,,,
,,,,,
,,,,,
,,,,,
,,,,,
,,,,,
,,,,,
,,,,,
,,,,,
,,,,,
,,,,,
,,,,,
,,,,,
,,,,,
,,,,,
,,,,,
,,,,,
,,,,,
,,,,,
,,,,,
,,,,,
,,,,,
,,,,,
,,,,,
,,,,,
,,,,,
20-2148472,8,Senior Quality Engineer,2012-06-22,USA,"Gutmann, Krajcik and Conn"
55-7002578,7,Design Engineer,2012-01-25,SOUTH KOREA,Schiller Inc
82-6656666,2,Research Nurse,2016-09-01,THAILAND,Mann-Gorczany
83-8377849,9,Automation Specialist III,2012-02-26,USA,Waters-Mertz
90-0901184,1,Web Developer IV,2017-11-21,CHINA,"Schowalter, Schmeler and Cassin"
30-7319342,4,Actuary,2012-08-19,USA,Doyle-Kuhlman
18-4657693,4,Analyst Programmer,,MEXICO,Pouros Inc
81-6651964,10,,2018-01-08,CHINA,"Wunsch, Weimann and Homenick"
26-4243462,3,Programmer II,,USA,Pouros-Wiza
56-9676538,6,Biostatistician II,2017-11-12,PAKISTAN,Rodriguez-Wisoky
34-9642334,9,Actuary,2017-01-09,INDIA,"Sauer, Blick and Ryan"
64-6063685,4,GIS Technical Architect,2017-01-18,CHINA,"Kuhn, Lebsack and Effertz"
19-2161613,8,Product Engineer,2012-01-02,CANADA,"Bradtke, Renner and Yundt"
57-5286403,7,Account Representative IV,2017-08-30,CANADA,Anderson-O'Kon
37-7643756,1,Pharmacist,,CHINA,Gislason and Sons
86-6352758,7,Environmental Specialist,2018-11-25,JAPAN,Maggio-Conroy
00-3155074,7,Analog Circuit Design manager,2013-05-12,INDIA,Lubowitz-Kub
36-9595914,6,Media Manager III,2013-07-02,THAILAND,Schinner LLC
78-6272917,8,Internal Auditor,2012-08-27,SOUTH KOREA,
46-9029156,10,Marketing Assistant,2013-05-25,SRILANKA,"Dach, Kub and Veum"
28-2231616,2,Business Systems Development Analyst,2012-08-06,CANADA,"Stroman, Cummerata and Ullrich"
98-1233335,2,Analyst Programmer,2017-01-15,SOUTH KOREA,Lowe-Glover
50-8454566,8,Professor,2012-06-19,USA,McDermott and Sons
86-0721951,4,,2015-12-11,CANADA,Steuber-Lueilwitz
94-2435261,2,Cost Accountant,2017-07-18,SRILANKA,Schmitt-Marks
71-8124643,8,Developer IV,2014-11-27,INDIA,Littel-Schneider
85-2262369,1,Quality Engineer,2013-05-08,BANGLADESH,Koss Group
26-3282230,8,Media Manager IV,2018-01-13,SOUTH KOREA,
16-8271480,2,Media Manager III,2015-09-30,USA,"Schimmel, Rohan and Maggio"
75-3994362,8,Quality Engineer,2015-07-05,UK,"Altenwerth, VonRueden and Streich"
95-9902083,6,Environmental Tech,2015-11-07,USA,"Collins, Fahey and Hoppe"
02-1772397,1,Desktop Support Technician,2016-02-28,USA,Lowe Inc
55-8737029,2,,2016-03-18,USA,Cummings Group
84-6850257,10,Biostatistician IV,2016-08-24,PAKISTAN,Bernier LLC
27-1922491,8,GIS Technical Architect,2016-01-18,SOUTH KOREA,"Hand, Wilderman and Rippin"
61-2396455,10,Senior Developer,2015-07-11,SOUTH KOREA,Hamill and Sons
66-3899072,8,Social Worker,2012-10-21,JAPAN,Schroeder-Osinski
34-3225010,6,Environmental Specialist,2016-11-15,CANADA,Corkery-Wisozk
11-1054988,2,Associate Professor,2017-11-11,CHINA,Cartwright LLC
14-5454161,2,Safety Technician II,2017-03-18,THAILAND,Klein and Sons
16-8939914,3,Programmer I,2015-01-21,PAKISTAN,"Armstrong, Dickens and Oberbrunner"
26-7751796,8,Computer Systems Analyst II,2013-12-31,THAILAND,Corkery LLC
48-9065948,4,,2012-08-23,CHINA,"Barton, Goodwin and Schmitt"
70-4521392,9,Environmental Tech,2014-05-13,JAPAN,Swift Group
40-0665905,3,Research Associate,2014-01-13,UK,
89-6024164,2,Geologist IV,2015-03-19,SRILANKA,Jaskolski Group
71-9402749,4,Administrative Officer,2013-01-03,SOUTH KOREA,Kuphal LLC
47-6419363,7,Structural Engineer,,USA,Harber-Oberbrunner
45-1374319,1,Recruiting Manager,2017-04-27,SOUTH KOREA,Cole-Pollich
35-1820695,,Nurse Practicioner,,JAPAN,"Spencer, Hills and McGlynn"
00-4725175,6,Graphic Designer,,THAILAND,Grimes-Considine
53-5203485,9,Developer II,2014-06-11,CHINA,Welch Group
96-7021450,1,Senior Editor,,BANGLADESH,"Luettgen, Zulauf and Keeling"
83-7509300,6,Senior Quality Engineer,2014-11-16,MEXICO,Buckridge and Sons
41-7452481,9,Account Representative II,2018-08-06,JAPAN,Dare-Welch
71-9745340,5,Account Executive,2018-11-20,MEXICO,"Heller, Green and Pacocha"
76-0850753,1,VP Marketing,2018-03-31,MEXICO,"Leuschke, Runolfsdottir and Pacocha"
35-2727586,9,Assistant Media Planner,2016-11-24,INDIA,"Pfeffer, Goldner and Haley"
18-3086260,1,Chemical Engineer,2016-03-26,JAPAN,"Heaney, Homenick and O'Connell"
59-7115270,9,Web Designer IV,2016-11-21,THAILAND,"Sawayn, Abernathy and Ziemann"
22-4296010,3,Registered Nurse,2013-08-25,BANGLADESH,"Tromp, Frami and Gislason"
91-8523523,10,VP Sales,,SRILANKA,"Ernser, Conroy and Cummings"
40-0191516,5,Staff Accountant IV,2018-10-28,JAPAN,"Renner, Corwin and Gerlach"
84-8506000,9,Software Consultant,2017-08-28,PAKISTAN,Schroeder Inc
80-4140155,4,,2012-04-16,MEXICO,Lueilwitz-Jacobson
97-2708364,9,Nurse Practicioner,2015-04-19,BANGLADESH,"Greenholt, Miller and Roberts"
60-1816685,10,Clinical Specialist,2017-11-27,THAILAND,"Padberg, Ledner and Ledner"
23-5289352,10,Chief Design Engineer,2014-06-29,CHINA,"Kulas, Lueilwitz and Bogisich"
86-9814876,,Physical Therapy Assistant,2018-04-05,BANGLADESH,Krajcik-Harvey
05-6363950,6,Administrative Officer,2014-10-05,MEXICO,Friesen-Botsford
84-7237627,4,Chemical Engineer,2016-12-16,INDIA,Kuvalis-Spencer
12-3665304,2,Developer IV,2016-07-27,CANADA,Brakus Inc
77-5264398,10,Civil Engineer,2015-10-13,BANGLADESH,Lowe-Lynch
46-3257424,5,Sales Associate,2016-04-12,BANGLADESH,Luettgen-Ullrich
18-9999335,10,Accounting Assistant IV,2015-07-15,INDIA,"Morissette, Hoppe and Frami"
19-3294914,2,Safety Technician III,2013-06-06,USA,"Kreiger, Pagac and Zulauf"
07-3118320,9,Compensation Analyst,2012-01-21,UK,"Prohaska, Miller and Rowe"
79-8655525,8,Speech Pathologist,2013-04-11,CANADA,Mueller Inc
78-8847079,2,Senior Financial Analyst,2014-10-17,USA,Schinner-Wolff
88-1938501,7,,2016-12-12,SOUTH KOREA,Becker-Abernathy
13-3663364,5,Registered Nurse,2013-06-17,CHINA,Marquardt-Conroy
14-9087170,8,Community Outreach Specialist,2013-03-20,CANADA,Windler-Mante
52-3140493,7,Teacher,2018-08-02,PAKISTAN,Sanford-Mraz
83-3830753,,VP Product Management,2016-06-12,CHINA,Bergstrom-Walker
14-9209773,9,Chief Design Engineer,2016-04-25,INDIA,Wyman Group
42-7821605,1,Developer IV,2012-01-10,BANGLADESH,"Bayer, Rau and Cruickshank"
73-7408290,2,Financial Advisor,2015-11-24,JAPAN,Murphy-Erdman
39-4279891,1,GIS Technical Architect,2016-02-14,BANGLADESH,Schroeder-D'Amore
62-2462401,5,Statistician I,2017-06-04,USA,Marquardt Inc
98-7222858,6,Associate Professor,2015-10-14,PAKISTAN,Grant-Wyman
51-3169256,1,Database Administrator II,2016-04-15,CHINA,Russel Inc
61-8596109,1,Accounting Assistant I,2016-01-19,THAILAND,"Toy, Monahan and Runte"
42-0501653,10,Product Engineer,2016-01-28,THAILAND,Hartmann-Schinner
77-2912512,8,Nurse,2014-10-27,USA,"Steuber, Volkman and Pacocha"
32-0618862,2,,2016-01-11,SRILANKA,Sipes Inc
42-6110788,7,Programmer II,2012-10-07,USA,Maggio-Roob
01-1171598,4,Geologist III,2017-06-07,CHINA,Kuhic-Nader
54-5767084,2,Sales Associate,2013-03-18,PAKISTAN,"Strosin, Bernier and Lang"
04-2494430,6,VP Quality Control,2016-12-22,INDIA,"Legros, Williamson and Hudson"
49-5598020,4,Web Developer I,2013-09-29,USA,Volkman-Walker
55-8733614,6,Programmer Analyst I,2017-05-20,MEXICO,Kuhn LLC
06-2487284,6,VP Quality Control,2012-07-18,SRILANKA,"Hodkiewicz, Gulgowski and Zieme"
11-2379479,8,Dental Hygienist,2014-10-08,THAILAND,Schuster Inc
29-1054950,1,Environmental Tech,2015-05-05,MEXICO,Thiel-Mayer
55-8237930,3,VP Product Management,2013-12-02,SRILANKA,"Von, Weimann and Waters"
75-7148848,4,Nurse Practicioner,,JAPAN,Hettinger Inc
39-9382457,6,Nurse,2014-04-08,BANGLADESH,Carter-O'Keefe
64-9356566,7,Staff Accountant I,2015-12-16,MEXICO,Lind-Gibson
32-5377594,2,Financial Analyst,2017-11-13,CHINA,Koch-Miller
44-6363647,4,Human Resources Assistant I,2015-01-02,CANADA,"Pouros, Mante and Streich"
94-1603174,4,Librarian,2013-08-28,CHINA,Fahey and Sons
73-6867957,7,Budget/Accounting Analyst IV,2013-06-07,INDIA,Bergstrom-Bechtelar
04-3526744,5,Tax Accountant,2012-06-17,JAPAN,Hodkiewicz-Jacobson
69-2932992,10,Social Worker,2012-10-25,SOUTH KOREA,
78-0191875,6,Administrative Officer,2015-10-18,CANADA,Koepp and Sons
57-6353470,8,Staff Accountant II,2017-08-11,CANADA,Abernathy-Bechtelar
59-3080929,8,Programmer Analyst I,2018-04-09,JAPAN,King-Jaskolski
10-6062589,8,Tax Accountant,2015-08-12,INDIA,"Morar, Boehm and Shanahan"
61-3846087,4,Engineer I,2013-10-27,BANGLADESH,"Christiansen, Boyer and Littel"
20-5249421,4,Programmer Analyst II,2018-06-05,MEXICO,Schroeder-Padberg
64-1193195,9,Librarian,2018-12-19,CANADA,"Kuhn, Rogahn and Schoen"
01-4776650,,Senior Quality Engineer,2018-07-20,SOUTH KOREA,"Reynolds, Fadel and Zboncak"
44-4501993,9,Product Engineer,2016-02-29,CANADA,Schroeder-Ortiz
20-1765836,7,Software Test Engineer II,2012-10-15,UK,
75-4902635,1,Media Manager II,2017-11-15,MEXICO,"Schmeler, Mann and Mertz"
95-8458836,3,Software Engineer II,2013-04-02,THAILAND,Schulist-Zulauf
20-6431292,8,VP Sales,2018-04-08,USA,"Prohaska, Williamson and Robel"
40-0367873,7,Pharmacist,2013-01-30,CANADA,Ledner-Legros
90-1883239,3,Sales Associate,2012-03-22,JAPAN,Bernier Inc
05-6225180,6,,2015-05-15,MEXICO,Hoppe Group
84-6410721,1,Civil Engineer,2016-04-02,CHINA,"Bayer, Shields and Wiza"
76-5952074,5,Marketing Manager,2013-10-07,CHINA,Mann-Yost
98-5811239,3,GIS Technical Architect,2017-05-22,SRILANKA,"Brekke, Lehner and Bashirian"
48-6003075,6,Business Systems Development Analyst,2015-02-27,SRILANKA,Kshlerin Group
27-1541565,7,Speech Pathologist,2014-04-29,BANGLADESH,Koss LLC
22-9111363,1,Sales Representative,2012-08-11,UK,
24-9452943,7,Internal Auditor,2013-08-24,INDIA,"Denesik, Jast and Ratke"
06-1943432,9,Web Developer III,2018-05-16,USA,Davis LLC
47-8956608,6,Sales Representative,2015-09-27,BANGLADESH,Sawayn and Sons
67-3734372,6,Geological Engineer,2017-10-25,SRILANKA,
59-1809691,10,Associate Professor,2013-12-31,PAKISTAN,"Moen, Schuster and Yost"
73-5507655,7,,2017-11-23,THAILAND,Schaefer and Sons
33-3151343,,Developer II,2016-11-06,MEXICO,Harris and Sons
93-1290732,8,Chemical Engineer,2013-02-21,CHINA,Becker Group
18-0055161,10,Account Representative I,2016-05-10,JAPAN,"Schmitt, Collins and Corkery"
00-1810227,8,Programmer Analyst III,2014-08-11,SRILANKA,Emard Inc
02-7811677,2,VP Quality Control,,UK,Hudson-Fay
11-2962626,2,Registered Nurse,2012-11-30,MEXICO,Hintz Inc
97-7764944,8,Nurse,2018-09-12,INDIA,"Reynolds, Bauch and Kreiger"
74-6108383,9,Internal Auditor,2014-01-11,SOUTH KOREA,Considine-Rodriguez
87-5738515,9,Environmental Tech,2013-05-20,MEXICO,Moore Group
10-2187323,9,,2013-12-17,JAPAN,"Daugherty, Cruickshank and Heidenreich"
99-9335857,7,Web Developer IV,2016-05-18,SOUTH KOREA,Kovacek-Ruecker
39-3809948,10,Administrative Assistant I,2015-02-18,USA,Marquardt-Smith
54-0829799,5,Civil Engineer,2016-01-03,SRILANKA,Stracke-Dietrich
97-5847701,6,VP Product Management,2016-01-26,INDIA,Kirlin-Ernser
58-3738762,5,Environmental Specialist,2012-09-12,CHINA,Champlin-Durgan
82-8736596,10,Research Associate,2018-08-04,THAILAND,"Botsford, Berge and White"
11-5388585,1,Librarian,2015-09-08,BANGLADESH,Wisozk Group
95-5279934,1,Design Engineer,2012-11-03,UK,Balistreri LLC
85-2911994,8,Office Assistant IV,2014-08-03,BANGLADESH,"Barrows, Miller and Bins"
91-6908177,8,Pharmacist,2018-08-11,UK,Price-Murphy
23-7602977,1,VP Quality Control,2012-10-28,USA,"McCullough, O'Kon and Thiel"
74-4881973,2,Research Nurse,2018-04-16,THAILAND,"Schmitt, Batz and Ferry"
94-5051068,5,Editor,2014-08-28,UK,Gleichner LLC
16-2294538,6,Environmental Tech,2018-03-27,BANGLADESH,"Bayer, Johnson and Langworth"
11-3918069,5,Executive Secretary,2013-03-01,SRILANKA,Kling-Lynch
19-4834101,4,Marketing Manager,2013-09-29,PAKISTAN,Parker Group
81-4495697,8,Speech Pathologist,2018-03-31,BANGLADESH,Moen-Howe
80-8389234,8,Programmer IV,2012-09-06,UK,Legros Inc
60-3036081,6,Staff Accountant IV,2018-10-19,CANADA,Hirthe LLC
62-8606689,1,Chief Design Engineer,2016-01-18,CHINA,Lesch Inc
20-2585433,7,Automation Specialist II,2018-05-28,SRILANKA,Mayert Inc
15-9152397,2,Accountant II,2012-12-22,THAILAND,Nikolaus-Fadel
12-3850982,1,VP Sales,2016-01-08,CANADA,"Roob, Dare and Feeney"
11-6656693,1,Graphic Designer,2014-10-02,CANADA,Herman-Frami
49-9132823,1,,2013-11-16,PAKISTAN,Cruickshank-Kuhlman
62-7493874,10,Office Assistant IV,2017-03-16,CANADA,Fisher LLC
41-9909634,6,Legal Assistant,2013-08-31,UK,"Deckow, Rice and Hammes"
34-5483926,4,Marketing Manager,,PAKISTAN,Williamson-Ortiz
98-0426881,,Dental Hygienist,2013-02-10,UK,Gleason and Sons
60-7461515,4,Sales Representative,2015-02-02,THAILAND,"Bednar, Schamberger and Yundt"
07-7033861,6,Mechanical Systems Engineer,2018-06-22,BANGLADESH,"Johns, Willms and Ebert"
05-3050908,4,Structural Engineer,2012-10-23,CANADA,"Ledner, Bradtke and O'Connell"
14-7239792,9,Account Executive,2016-01-30,INDIA,
93-6041252,7,Human Resources Manager,2012-01-22,JAPAN,Boyle and Sons
10-4388640,6,Technical Writer,2013-05-21,INDIA,"Dibbert, Emard and Braun"
67-7035344,10,Senior Editor,2012-11-19,USA,Kozey-Mitchell
88-3878847,8,Project Manager,2013-05-17,CANADA,"Ward, Lowe and Schaden"
99-9509695,1,Graphic Designer,2014-03-05,BANGLADESH,Douglas-Volkman
35-0714272,10,Administrative Assistant II,2018-09-04,JAPAN,Streich-Crist
78-0057558,1,Environmental Tech,2016-08-10,BANGLADESH,"Schimmel, Murazik and Sporer"
84-6792246,5,Desktop Support Technician,2018-12-26,UK,Parisian and Sons
98-1373251,7,Environmental Specialist,2012-10-14,MEXICO,"Towne, Cronin and Little"
14-2906798,7,VP Quality Control,2013-04-07,CHINA,Reilly-Doyle
91-4735033,1,Design Engineer,2015-05-13,BANGLADESH,Conn-Hoeger
15-6163639,6,Accounting Assistant III,2016-09-16,UK,"Smitham, Hills and Corkery"
60-2338870,6,VP Accounting,2013-12-10,USA,Ritchie-Corwin
86-3734801,1,Chemical Engineer,2014-11-20,UK,"Christiansen, Weissnat and Jacobson"
30-6022716,,VP Marketing,2013-08-17,USA,Windler and Sons
48-3327001,8,Research Nurse,2012-02-14,CHINA,Baumbach-Ebert
78-5338461,4,Account Executive,2014-08-14,INDIA,"Schroeder, Beatty and Schimmel"
02-2825464,5,Staff Accountant I,2017-05-10,JAPAN,"Rowe, Little and Waelchi"
23-3148076,10,Senior Sales Associate,2017-07-17,PAKISTAN,Orn-Larkin
79-9211766,8,Administrative Assistant IV,2014-11-26,UK,McLaughlin Inc
90-1538103,7,Account Representative I,2012-06-13,UK,Hegmann and Sons
51-4566464,4,Social Worker,2017-07-11,JAPAN,Schaden-Christiansen
27-4757913,2,Legal Assistant,2018-04-24,SRILANKA,Kozey-Kuhic
08-8385121,7,Sales Representative,,BANGLADESH,Hudson-Stehr
92-8843442,9,Technical Writer,2018-12-31,JAPAN,Muller Inc
48-5792006,3,,2017-11-02,USA,Larson LLC
12-9443781,8,Administrative Assistant I,2013-05-08,CHINA,"O'Connell, Wintheiser and Williamson"
00-5818652,3,Senior Cost Accountant,2017-09-29,SOUTH KOREA,Wiegand-Schaefer
92-4812149,7,Web Designer III,2015-01-29,UK,Rolfson-Ledner
42-5066770,10,Geologist I,2012-07-22,PAKISTAN,Lueilwitz-Heller
52-5672770,2,Systems Administrator I,2016-06-26,UK,"Littel, Will and Goodwin"
61-0615152,2,Database Administrator IV,2012-04-06,USA,Torp-Will
38-5863988,1,Registered Nurse,2012-05-30,MEXICO,Brakus Group
20-7332856,10,Budget/Accounting Analyst II,2016-03-03,SOUTH KOREA,Orn-Corkery
05-8400081,2,Financial Analyst,2018-04-19,JAPAN,Fahey Group
76-9666785,5,Senior Cost Accountant,2014-08-23,CANADA,Hamill Group
11-7595625,6,Office Assistant II,2014-07-08,MEXICO,Casper and Sons
00-1373955,8,Registered Nurse,2016-03-21,JAPAN,"Lockman, Stark and Greenholt"
48-5667739,5,Developer II,2016-05-07,CANADA,Howe-Bayer
23-7990275,1,Internal Auditor,2015-12-06,CHINA,"Murphy, Watsica and Moen"
38-7473466,3,,2014-08-11,CANADA,Lynch-Wiegand
46-0207907,1,Research Nurse,2015-02-08,UK,Maggio-Bode
63-9538101,3,Senior Sales Associate,2017-06-09,CHINA,"Pacocha, Mante and Hamill"
73-3620050,,Senior Financial Analyst,2017-05-19,MEXICO,Dach-Wisoky
40-6284491,3,Design Engineer,2012-06-23,UK,Schoen-Macejkovic
47-8635158,1,Graphic Designer,2012-07-22,JAPAN,Lind Group
95-2048151,2,Nuclear Power Engineer,2012-03-08,USA,
15-5193240,1,General Manager,2015-07-13,CHINA,Leannon LLC
26-1647935,6,Engineer I,2012-05-04,SOUTH KOREA,"Wiegand, Walter and Schamberger"
01-0237326,1,Geological Engineer,2014-09-24,CHINA,Marquardt-Armstrong
51-7072575,9,Safety Technician II,2014-11-11,BANGLADESH,"Effertz, Hudson and Crooks"
24-1636595,1,Media Manager IV,2018-01-30,SOUTH KOREA,"Goyette, Casper and Stark"
47-7172739,10,Desktop Support Technician,2013-03-14,BANGLADESH,Greenfelder and Sons
98-7999586,6,Community Outreach Specialist,2016-05-03,CANADA,"Ward, Keebler and Bradtke"
97-4253868,1,Executive Secretary,2016-03-26,CHINA,Keebler-Gulgowski
83-4423005,8,Structural Analysis Engineer,2018-10-21,SOUTH KOREA,Swift-Berge
83-6408179,6,Analyst Programmer,2015-04-04,BANGLADESH,"Rath, Langosh and Bogan"
15-9711483,2,Registered Nurse,2012-11-03,SRILANKA,Pfeffer Group
84-7120363,6,Computer Systems Analyst I,2014-01-21,SOUTH KOREA,Lockman-Mueller
46-3293366,7,Senior Editor,2015-07-08,UK,Fay-Raynor
39-1299101,10,Editor,2013-10-11,CHINA,Yost LLC
44-2278109,5,Environmental Tech,2016-08-29,USA,"Crooks, Beatty and Cruickshank"
64-5065207,7,Administrative Assistant III,,INDIA,"Lynch, Kertzmann and Bashirian"
62-3346295,4,Web Developer II,2018-03-29,PAKISTAN,
86-3490742,5,Safety Technician II,2012-06-09,INDIA,
71-7972372,7,Automation Specialist III,2018-05-24,CHINA,Pollich-Hane
54-1516362,2,Administrative Assistant IV,2014-08-03,PAKISTAN,
23-7823167,7,Accounting Assistant II,2012-04-01,USA,Lubowitz and Sons
38-8891110,5,,2018-06-24,BANGLADESH,Tillman and Sons
25-3104375,10,,2012-03-21,UK,Reichert and Sons
00-5107768,1,Project Manager,2016-02-07,MEXICO,Bogan LLC
68-3652021,7,Nurse Practicioner,2018-11-09,SOUTH KOREA,Upton LLC
53-7131360,10,Associate Professor,2014-10-05,CHINA,"Braun, Bergnaum and Altenwerth"
35-6176630,1,Junior Executive,2017-12-28,MEXICO,Trantow and Sons
79-2898025,1,VP Sales,,SRILANKA,Hilpert and Sons
09-3439654,4,Assistant Media Planner,2012-10-30,UK,Hermann-Kuhlman
57-3677687,9,Physical Therapy Assistant,2013-05-23,SOUTH KOREA,"Mills, Davis and Kiehn"
42-1989364,8,Programmer IV,2014-08-25,UK,Metz and Sons
93-1596166,1,Food Chemist,,CANADA,Green-Gislason
84-8313812,5,Speech Pathologist,2017-03-04,CANADA,Carter-Blanda
45-2503381,2,Information Systems Manager,2014-07-15,UK,Rutherford-Ledner
53-4448424,5,Web Developer II,2014-07-29,SRILANKA,Homenick Group
61-6924228,4,Actuary,2016-05-02,PAKISTAN,
91-4481993,6,Professor,2012-11-12,CANADA,Jerde Inc
86-5519844,5,Internal Auditor,2018-09-11,UK,Effertz-Spinka
71-2542234,1,VP Accounting,2012-06-19,MEXICO,"Kreiger, Kuhn and Green"
07-7844472,10,General Manager,2013-12-06,UK,Oberbrunner Inc
74-3013272,9,Recruiting Manager,2015-02-26,BANGLADESH,Metz-Parker
27-9961745,2,Data Coordinator,2013-02-10,CHINA,Rogahn Group
24-1293588,3,Sales Associate,2012-12-20,JAPAN,"Russel, Ruecker and Hansen"
99-0462095,3,General Manager,,SRILANKA,Kiehn Inc
00-0264691,6,Office Assistant II,2015-03-11,INDIA,Denesik and Sons
23-6073847,8,Senior Cost Accountant,2018-10-27,SOUTH KOREA,"Kilback, Hagenes and Senger"
22-3964669,2,Physical Therapy Assistant,2014-09-06,CANADA,Herzog-Kreiger
31-1166816,1,Administrative Assistant IV,2014-06-01,CHINA,Green-Kihn
07-2082747,8,Automation Specialist I,2014-10-01,SRILANKA,"Kulas, Mohr and Abernathy"
47-1003397,9,Registered Nurse,2014-03-09,PAKISTAN,"Keeling, Hahn and Kuphal"
90-4638024,2,,,UK,Schmeler LLC
77-1359863,4,Registered Nurse,2017-12-05,BANGLADESH,Botsford Inc
55-0217646,5,Programmer Analyst IV,2015-10-30,THAILAND,Durgan-Romaguera
74-2992097,3,Statistician III,2015-08-30,PAKISTAN,Jaskolski-Kozey
34-6294115,1,Speech Pathologist,2016-05-24,CHINA,Cormier and Sons
93-7890599,1,Registered Nurse,2012-01-06,CANADA,Spencer-Nicolas
02-3730418,4,Automation Specialist I,2014-05-10,USA,Durgan and Sons
16-8940760,8,Actuary,2016-07-02,SOUTH KOREA,McGlynn-Keebler
21-9539716,9,,2016-03-13,CHINA,"Dibbert, Wuckert and Witting"
77-8153315,6,Accountant IV,2016-02-18,BANGLADESH,Abbott-Kertzmann
61-9302114,5,Systems Administrator IV,2012-11-26,THAILAND,
10-5348854,1,Help Desk Technician,2013-11-30,PAKISTAN,Lindgren-Sauer
26-3046984,4,Quality Control Specialist,2013-10-04,MEXICO,"Deckow, Gutkowski and Mills"
55-7347546,10,Statistician IV,2013-08-18,BANGLADESH,Littel-Turner
88-6560792,8,Analyst Programmer,2015-07-01,JAPAN,"Langosh, Legros and Satterfield"
11-9268756,5,Assistant Media Planner,2014-12-27,MEXICO,Kunze LLC
44-7904128,6,Registered Nurse,2012-09-03,JAPAN,Marvin-Lehner
29-7599387,2,Design Engineer,2018-07-06,SRILANKA,"Hermann, Runte and Ankunding"
15-3016951,6,Marketing Assistant,2012-08-04,SRILANKA,Dicki and Sons
77-9944443,9,Geologist II,2015-09-10,SRILANKA,"Hickle, Glover and Adams"
96-7678719,5,,2018-11-28,CHINA,"O'Connell, Bayer and Goldner"
51-1160359,5,Sales Representative,2015-04-02,SOUTH KOREA,"Kuhn, Wuckert and Barton"
32-1982709,3,Legal Assistant,,MEXICO,"Koss, Haag and Douglas"
00-6384418,2,Data Coordinator,2012-05-08,JAPAN,Koelpin LLC
49-0026742,7,Business Systems Development Analyst,2016-12-30,THAILAND,Streich-Johnston
96-3318661,3,Physical Therapy Assistant,2014-11-08,CANADA,"Doyle, Turner and Ernser"
59-1258741,8,Safety Technician I,2014-11-22,UK,Shanahan LLC
59-2498420,7,Administrative Assistant II,2017-08-31,THAILAND,Cruickshank Group
64-8505963,4,Senior Developer,2016-01-23,THAILAND,Keebler-Yost
28-0944707,9,Statistician II,2014-02-06,USA,Jacobi and Sons
03-4711277,10,Senior Sales Associate,2014-11-08,THAILAND,Graham-Bayer
38-4273941,10,Senior Developer,2017-12-02,INDIA,Heller Inc
89-3471035,3,Software Engineer IV,2017-06-08,PAKISTAN,Connelly-Kreiger
08-4858935,1,Clinical Specialist,2013-10-16,CHINA,"Gulgowski, Farrell and Mueller"
74-3754277,4,Professor,2017-07-10,SRILANKA,Witting Group
05-1997863,1,Legal Assistant,2018-10-13,PAKISTAN,"Klein, Deckow and Rippin"
79-7857169,10,Geologist III,2017-10-31,INDIA,Murphy-Koelpin
74-7068384,8,Operator,2013-10-02,USA,Bradtke LLC
56-5444509,4,Payment Adjustment Coordinator,2013-04-06,CHINA,Jakubowski-Barrows
07-0917362,2,Recruiting Manager,2012-01-17,USA,Gleason and Sons
30-9231666,2,Senior Cost Accountant,2013-11-04,CHINA,"Fadel, Block and Klein"
14-1205211,4,Analyst Programmer,2014-01-26,SRILANKA,"Brekke, Flatley and Sanford"
60-3365156,10,Teacher,2014-06-07,MEXICO,"Schaden, Hane and Kassulke"
63-7518086,7,Account Representative I,2018-03-28,USA,
37-5091512,5,Mechanical Systems Engineer,2012-08-19,MEXICO,"Hirthe, Kreiger and Welch"
47-6423176,8,Staff Accountant II,2018-05-02,MEXICO,"Aufderhar, Krajcik and Schiller"
94-2650972,3,Internal Auditor,2015-12-06,THAILAND,Leannon and Sons
63-2486323,3,Accounting Assistant II,2016-04-09,USA,"Lind, Bins and Nolan"
34-0833411,6,Operator,2012-07-08,THAILAND,Morissette-Dietrich
85-6527938,3,Assistant Manager,2013-03-25,BANGLADESH,Walter Inc
04-4483384,6,Software Engineer I,2016-02-04,PAKISTAN,Yundt Group
82-2072777,4,Senior Developer,2016-12-08,JAPAN,"Daugherty, Greenfelder and VonRueden"
70-0182735,5,Professor,2018-06-15,THAILAND,"Haag, Ziemann and Herzog"
04-6367902,8,Environmental Tech,2018-07-21,THAILAND,Stroman Group
34-1475280,3,VP Quality Control,2018-08-02,UK,Beer-Wolf
35-2077664,2,Speech Pathologist,2013-04-06,INDIA,Rath LLC
50-5678690,2,Structural Analysis Engineer,2013-05-12,INDIA,Kuvalis LLC
01-6050362,4,,2018-05-27,THAILAND,"Haley, Ryan and Lesch"
30-9579132,4,Project Manager,2015-03-15,INDIA,"Yost, McClure and Gutmann"
40-5322218,10,Help Desk Technician,2015-05-11,CANADA,Haag-Hackett
95-5793847,6,Occupational Therapist,2012-10-19,CANADA,"Glover, Gerhold and McCullough"
12-0824954,3,Chief Design Engineer,2018-08-28,SRILANKA,Hartmann Inc
28-8133928,8,Nuclear Power Engineer,2013-06-04,THAILAND,Nicolas Group
29-2542184,1,,2013-02-05,SOUTH KOREA,Hand-Bogisich
59-0948838,,Staff Scientist,2016-12-18,UK,Goodwin-Hermann
04-9658261,5,Director of Sales,2014-02-16,UK,"Rodriguez, Dickinson and Conn"
75-5030862,6,Business Systems Development Analyst,,UK,
24-2890510,3,Senior Sales Associate,2014-11-02,SOUTH KOREA,"Klocko, Witting and Reichel"
02-2196573,5,Food Chemist,2015-10-29,THAILAND,"Collier, Champlin and Renner"
53-8101957,4,Quality Engineer,2012-06-27,MEXICO,
51-0450978,2,,2018-02-06,CHINA,"Osinski, Raynor and Klocko"
34-2766234,6,Financial Advisor,2013-08-07,THAILAND,"Metz, Schimmel and Breitenberg"
28-5148149,7,Junior Executive,2017-10-12,JAPAN,Sipes LLC
81-0502403,8,Speech Pathologist,2014-10-22,BANGLADESH,"Klein, Schuster and Adams"
50-0985047,,Help Desk Operator,,CHINA,Torphy-Kerluke
05-2028232,3,Associate Professor,2013-08-20,JAPAN,Schuppe Inc
95-0294131,10,Research Associate,2014-12-18,THAILAND,Price-Runolfsson
73-1455280,10,Graphic Designer,2013-05-07,BANGLADESH,Mann Inc
33-5297790,1,,2012-08-29,THAILAND,Hills-Terry
62-9176733,1,Recruiting Manager,2014-04-15,MEXICO,"Collins, Hoeger and Lemke"
40-2001760,9,Account Coordinator,2012-10-19,UK,"Farrell, Stamm and Heaney"
88-0098953,8,Operator,2014-07-15,CHINA,Murphy Group
75-5773891,7,VP Accounting,2013-11-11,THAILAND,"Walker, Vandervort and Douglas"
17-8139764,5,Chief Design Engineer,2013-12-13,SOUTH KOREA,Nienow Group
06-0844141,4,Data Coordinator,2012-07-17,BANGLADESH,"Green, Purdy and Lehner"
82-1616840,1,Senior Editor,2017-01-31,MEXICO,Konopelski-Lockman
64-1371672,2,Environmental Specialist,2018-03-09,PAKISTAN,
99-0416244,4,Software Consultant,2018-05-22,THAILAND,Hudson LLC
13-6522597,8,Geologist IV,2017-12-29,CHINA,Buckridge-Collier
11-6185142,3,Technical Writer,2013-12-10,CANADA,King and Sons
37-4701353,7,Health Coach III,2018-04-18,UK,Harvey Group
30-2797459,5,Internal Auditor,2013-06-24,MEXICO,Sawayn Inc
80-5498739,9,Software Engineer I,2015-06-08,PAKISTAN,Ondricka LLC
12-2349623,,Tax Accountant,2016-12-29,USA,Ankunding LLC
86-5582890,8,Technical Writer,2012-09-19,UK,"Leffler, Reilly and Raynor"
00-1818952,6,Chief Design Engineer,2012-12-13,USA,Reilly-Kemmer
06-3518007,10,Help Desk Operator,2017-03-25,CHINA,Pouros LLC
00-3932249,8,Registered Nurse,,SRILANKA,Reinger-Volkman
10-1456610,7,VP Accounting,2018-02-12,SRILANKA,"Thiel, Cronin and Hilll"
73-0178071,5,Teacher,2013-10-30,CHINA,Skiles-Paucek
50-0268377,8,Community Outreach Specialist,2016-05-13,THAILAND,"Sauer, Spinka and Prosacco"
33-6617956,10,Software Engineer III,2017-04-27,JAPAN,"O'Conner, Grimes and Purdy"
69-1225338,5,Payment Adjustment Coordinator,2017-11-01,INDIA,Hane LLC
73-9431795,2,Recruiting Manager,2014-05-15,MEXICO,"Lemke, Kiehn and Crona"
56-0159837,7,Electrical Engineer,2014-08-06,SRILANKA,Kuhn-Rutherford
18-9158664,4,Financial Advisor,2013-10-02,MEXICO,"Purdy, Nitzsche and Dickens"
46-5725876,5,Accountant III,2015-02-05,BANGLADESH,"Schaefer, Schuppe and Brekke"
69-6148795,7,Business Systems Development Analyst,2014-03-30,BANGLADESH,"Mraz, Dibbert and Harvey"
37-5987343,3,Chemical Engineer,2012-06-26,INDIA,Boehm LLC
37-4194718,7,Project Manager,2018-02-08,UK,"Hegmann, Christiansen and Koss"
52-6455928,4,Internal Auditor,2017-11-08,PAKISTAN,"Kessler, Botsford and D'Amore"
37-9811687,3,VP Product Management,2014-06-06,INDIA,Carter-Hegmann
48-3960472,3,Operator,2015-12-10,UK,
48-3066650,2,Programmer I,2013-08-23,USA,Bauch Inc
75-8859253,5,Chief Design Engineer,2014-04-23,SOUTH KOREA,Boehm-Turner
14-1010034,7,Quality Engineer,2012-09-08,BANGLADESH,Yundt LLC
10-5434661,4,Paralegal,2012-06-02,MEXICO,Parisian LLC
61-0098464,4,Actuary,2018-03-03,PAKISTAN,"Bernier, Abbott and Ratke"
17-5968230,8,Account Executive,2013-09-09,CHINA,Dietrich LLC
46-2661885,3,Physical Therapy Assistant,2017-12-08,CANADA,Simonis-Carroll
79-2912468,5,Nurse,2012-10-11,MEXICO,Rath-Swaniawski
85-1041033,4,Tax Accountant,,BANGLADESH,Rogahn LLC
71-6039699,4,Account Representative III,2013-03-29,BANGLADESH,Kshlerin and Sons
17-1647824,3,Account Executive,2012-09-14,JAPAN,Gusikowski-Kassulke
21-1728830,10,Sales Representative,2014-01-31,CHINA,Jerde-Veum
15-5931557,9,Accounting Assistant II,2013-04-18,CHINA,
82-4302082,10,Nurse,2012-01-03,CANADA,"Koch, Kshlerin and Hettinger"
04-7586913,10,Marketing Assistant,2014-11-09,MEXICO,"Heathcote, Hartmann and Powlowski"
49-1551438,6,Marketing Assistant,2012-09-04,CHINA,Bayer-Daugherty
32-5253841,5,Human Resources Assistant I,2013-03-27,THAILAND,
